rank,space_rank,ticker,name,sector,industry,market_cap,price,adv20,has_fmp_data,total_score,display_score,total_score_enhanced,value_score,quality_score,quality_score_enhanced,momentum_score,shareholder_score,eps_revisions_score,piotroski_score,altman_score,analyst_sentiment_score,upside_score,upside_pct,ev_ebitda,pe,pb,fcf_yield,roa,gp_to_assets,fmp_roe,fmp_roic,fmp_roa,fmp_fcf_yield,fmp_ev_ebitda,fmp_net_debt_ebitda,fmp_income_quality,fmp_pe,fmp_pb,fmp_ps,fmp_p_fcf,piotroski,altman_z,altman_status,analyst_consensus,num_analyst_ratings,buy_pct,target_consensus,target_high,target_low,eps_revision,earnings_quarterly_growth,alpha_6m,alpha_12m,above_ma200,mdd_1y,volatility_60d,shares_change_yoy,dividend_yield,buy_eligible,buy_block_reasons,sell_now,sell_reasons
1,1.0000,BE,Bloom Energy Corporation,Industrials,Electrical Equipment & Parts,83569606656.0000,293.8000,2974537995.3664,True,96.0000,97.0484,97.0484,24.6484,50.8260,76.2013,100.0000,42.9417,80.0000,77.7778,100.0000,60.4839,6.8130,-25.9122,362.9580,,90.6231,0.0032,0.0309,,0.0082,0.0401,0.0013,0.0028,943.9936,3.1699,31.3177,13721.6582,89.8229,34.1236,358.6709,7.0000,14.0897,safe,Buy,31.0000,51.6129,217.6700,324.0000,68.0000,145.0910,,1.9978,13.5844,True,-0.4594,1.1663,0.2128,0.0000,True,,False,
2,2.0000,MU,"Micron Technology, Inc.",Technology,Semiconductors,1046999531520.0000,928.4100,39156990241.0754,True,91.8527,93.8170,93.8170,43.4282,56.0505,77.9428,100.0000,44.5448,59.2634,77.7778,100.0000,69.6429,0.0000,-35.1633,28.3460,43.8550,14.4529,0.0028,0.2014,,0.4084,0.2769,0.2376,0.0098,28.1429,-0.0469,1.2713,43.3117,14.4145,18.0147,101.8379,7.0000,20.2293,safe,Buy,70.0000,81.4286,601.9500,1625.0000,310.0000,3.9487,7.7080,3.0202,8.3718,True,-0.3028,0.8815,0.0091,0.0600,True,,False,
3,3.0000,SNDK,Sandisk Corporation,Technology,Computer Hardware,235453825024.0000,1589.9400,20791675666.8573,True,90.9856,92.9856,92.9856,47.4185,56.7009,81.8633,100.0000,44.7392,54.9279,88.8889,100.0000,70.0000,30.5485,-11.6709,41.1800,54.3569,23.0403,0.0096,0.2282,,0.4233,0.3115,0.2640,0.0189,42.0466,-0.6777,1.0293,52.2101,17.0800,17.8591,52.7923,8.0000,45.3759,safe,Buy,15.0000,80.0000,1404.3800,2350.0000,450.0000,4.9958,,6.0925,40.3592,True,-0.3134,0.9924,0.0202,0.0000,True,,False,
4,4.0000,VIAV,Viavi Solutions Inc.,Technology,Communication Equipment,13087906816.0000,53.0550,381314419.7093,True,91.0179,92.8600,92.8600,41.3792,49.6706,27.6680,100.0000,44.2921,55.0896,33.3333,0.0000,68.4211,0.0000,-39.2140,59.7060,,14.6601,0.0131,0.0343,,-0.0692,0.0523,-0.0218,0.0035,65.8791,3.0797,-1.2886,-223.3895,14.5408,9.5185,285.7029,3.0000,-33.0350,danger,Buy,19.0000,78.9474,32.2500,50.0000,24.0000,6.1211,-0.6720,1.9174,4.4584,True,-0.2113,0.7877,0.1105,0.0000,True,,False,
5,5.0000,CIEN,Ciena Corporation,Technology,Communication Equipment,82305204224.0000,582.0800,1061081122.6794,True,90.8099,92.7147,92.7147,37.4475,50.2366,76.0048,99.6500,44.8588,55.4498,77.7778,100.0000,69.0476,0.0000,-38.7971,144.7740,370.7516,29.4858,0.0085,0.0458,,0.0826,0.0767,0.0389,0.0090,162.5755,0.9138,4.0603,360.0398,29.5330,16.0618,110.8916,7.0000,16.7932,safe,Buy,42.0000,76.1905,356.2500,585.0000,190.0000,4.5700,2.3720,1.8481,5.7843,True,-0.1684,0.8047,-0.0053,0.0000,True,,False,
6,6.0000,AAOI,"Applied Optoelectronics, Inc.",Technology,Communication Equipment,14430057472.0000,179.8300,2140939960.7034,True,92.0007,92.6257,92.6257,16.6943,36.7606,52.9943,100.0000,30.4197,60.0036,22.2222,100.0000,56.2500,0.0000,-58.5720,-519.7690,,12.8404,-0.0309,-0.0332,,-0.0614,-0.0371,-0.0277,-0.0166,-822.4015,16.0191,40.8820,-315.2845,12.3545,28.4617,-60.4084,2.0000,19.3312,safe,Buy,16.0000,43.7500,74.5000,160.0000,43.0000,8.3415,,6.7935,8.4051,True,-0.4764,1.5024,0.5969,0.0000,True,,False,
7,7.0000,VICR,Vicor Corporation,Technology,Electronic Components,15763873792.0000,345.8400,265060277.8760,True,90.8167,92.6025,92.6025,32.4343,51.7913,72.8193,100.0000,44.2770,54.0837,66.6667,100.0000,67.8571,26.7041,-13.9776,191.9200,116.4444,21.9972,0.0006,0.0515,,0.2022,0.1293,0.1698,0.0056,116.5822,-3.0456,0.8447,115.0430,20.8598,33.0670,178.6217,6.0000,145.5363,safe,Buy,7.0000,71.4286,297.5000,350.0000,245.0000,0.8687,7.1390,2.8052,6.8534,True,-0.3201,1.1565,0.0088,0.0000,True,,False,
8,8.0000,IBRX,"ImmunityBio, Inc.",Healthcare,Biotechnology,8263622656.0000,7.8900,111537626.8418,True,89.7946,92.2946,92.2946,10.6497,35.2926,22.8753,100.0000,33.4520,48.9732,33.3333,0.0000,75.0000,100.0000,64.7655,-36.7060,,-9.4946,-0.0234,-0.3438,,1.3869,-0.4451,-1.3215,-0.0362,-47.8875,-4.7946,0.3714,-9.4812,-9.3126,58.6166,-27.6465,3.0000,-6.5733,danger,Buy,5.0000,100.0000,13.0000,15.0000,12.0000,1.0706,,2.6752,1.8345,True,-0.4244,0.9756,0.1824,0.0000,True,,False,
9,,WDC,Western Digital Corporation,Technology,Computer Hardware,182888333312.0000,530.6000,3769102251.3928,True,90.2173,91.9796,91.9796,48.3463,53.6435,77.1404,100.0000,45.3106,51.0866,77.7778,100.0000,67.6230,25.5340,-14.6796,46.1750,31.7534,25.3694,0.0113,0.1465,,0.9194,0.2790,0.4311,0.0159,34.2454,-0.0612,0.5047,28.2234,18.9108,15.5293,62.9564,7.0000,22.9164,safe,Buy,61.0000,72.1311,452.7100,660.0000,250.0000,0.0541,5.1630,2.3005,8.9994,True,-0.2059,0.6833,-0.0090,0.1100,True,,False,
10,,LITE,Lumentum Holdings Inc.,Technology,Communication Equipment,70199713792.0000,902.3100,5853976583.6667,True,90.1333,91.9333,91.9333,28.8090,47.8236,72.4921,100.0000,43.4944,50.6665,77.7778,91.8751,68.0000,53.0219,1.8131,127.4310,158.8574,76.0994,0.0013,0.0289,,0.3068,0.0370,0.0626,0.0039,131.8252,1.2940,1.0284,146.6587,21.6974,28.2108,256.3905,7.0000,10.9375,safe,Buy,25.0000,68.0000,918.6700,1270.0000,380.0000,2.1867,,1.9798,10.2294,True,-0.2870,1.0503,0.1220,0.0000,True,,False,
11,,MXL,"MaxLinear, Inc.",Technology,Semiconductors,9053095936.0000,101.1000,519637229.5038,True,90.1461,91.7638,91.7638,19.6059,37.5630,64.3728,100.0000,44.2642,50.7307,55.5556,100.0000,66.1765,0.0000,-47.8635,-246.4270,,19.9290,0.0025,-0.0622,,-0.2842,-0.1273,-0.1713,0.0011,-150.0373,-1.4553,-0.1676,-67.0365,19.4981,17.7897,891.5793,5.0000,16.1994,safe,Buy,17.0000,64.7059,52.7100,75.0000,30.0000,2.2291,,5.4214,7.2046,True,-0.2681,1.8573,0.0265,0.0000,True,,False,
12,9.0000,FLY,Firefly Aerospace Inc.,Industrials,Aerospace & Defense,9178272768.0000,57.2800,317229874.3857,True,89.7012,91.4869,91.4869,16.3276,32.7317,62.7624,100.0000,33.7621,48.5061,55.5556,100.0000,67.8571,0.0000,-31.2151,-38.6180,,8.2978,-0.0160,-0.1682,,-0.5761,-0.2136,-0.2245,-0.0280,-34.5721,1.0606,0.6298,-27.3022,8.2761,49.6448,-35.6508,5.0000,12.9808,safe,Buy,7.0000,71.4286,39.4000,60.0000,32.0000,0.7627,,2.1853,,True,-0.7220,1.1668,0.1401,0.0000,True,,False,
13,10.0000,RKLB,Rocket Lab Corporation,Industrials,Aerospace & Defense,86963257344.0000,150.2300,3366936210.6265,True,89.7628,91.3417,91.3417,11.2852,36.2701,60.2382,100.0000,32.7651,48.8139,44.4444,100.0000,65.7895,0.0000,-35.7652,-519.9330,,38.1973,-0.0025,-0.0658,,-0.1226,-0.0807,-0.0648,-0.0036,-529.0187,6.5811,0.8851,-498.0667,40.1677,127.9665,-274.9381,4.0000,84.9337,safe,Buy,19.0000,68.4211,96.5000,120.0000,69.0000,0.9656,,2.4084,3.9395,True,-0.4301,1.1171,0.2763,0.0000,True,,False,
14,,INTC,Intel Corporation,Technology,Semiconductors,612015996928.0000,121.7700,16545633692.5399,True,90.5518,91.1768,91.1768,32.6535,48.4187,61.5914,100.0000,33.6703,52.7592,55.5556,80.7998,56.2500,0.0000,-30.4098,45.0020,,5.4908,-0.0136,0.0063,,-0.0295,-0.0281,-0.0155,-0.0051,56.1130,2.4368,-3.5453,-195.0085,5.5565,11.3836,-196.2219,5.0000,5.3999,safe,Hold,84.0000,35.7143,84.7400,150.0000,45.0000,3.5662,,2.2805,4.6415,True,-0.2417,0.8953,0.1526,0.0000,True,,False,
15,11.0000,HUT,Hut 8 Corp.,Financial Services,Capital Markets,13245571072.0000,117.6400,536197800.9525,True,88.7916,91.1354,91.1354,16.2089,34.2297,55.8543,99.0228,34.1712,47.8669,33.3333,100.0000,73.4375,25.5185,-14.6889,-33.1290,,9.1081,-0.0227,-0.1622,,-0.2057,0.0501,-0.1196,-0.0244,49.9126,0.9718,0.4060,-41.7516,9.4431,46.4601,-40.9992,3.0000,10.7580,safe,Buy,16.0000,93.7500,100.3600,156.0000,62.0000,0.3413,,1.8259,5.6769,True,-0.3862,1.1376,0.0841,0.0000,True,,False,
16,12.0000,PL,Planet Labs PBC,Industrials,Aerospace & Defense,17990727680.0000,50.4800,408195916.4441,True,89.7647,91.1283,91.1283,20.5199,37.5707,52.8867,100.0000,43.7815,48.8235,22.2222,98.8673,63.6364,0.0000,-43.9580,-384.5350,,89.8221,0.0130,-0.0586,,-0.6961,-0.1391,-0.2155,0.0035,-161.1678,-2.2672,-0.5443,-64.8980,85.0217,52.9288,288.7416,2.0000,8.6602,safe,Buy,22.0000,54.5455,28.2900,50.0000,12.3000,0.9719,,3.1854,11.4313,True,-0.2901,1.0630,0.1791,0.0000,True,,False,
17,,DOCN,"DigitalOcean Holdings, Inc.",Technology,Software - Infrastructure,15698460672.0000,150.4200,601928799.7293,True,89.1003,90.6792,90.6792,47.2097,49.9037,62.9994,100.0000,43.9362,45.5013,55.5556,83.5389,65.7895,43.1082,-4.1351,55.2120,65.6856,17.6840,0.0100,0.0463,,1.5432,0.0649,0.0921,0.0025,37.9711,0.3781,1.2520,59.2180,15.8045,16.5838,392.6087,5.0000,6.7695,safe,Buy,19.0000,63.1579,144.2000,200.0000,57.0000,-0.2492,-0.5870,2.2320,3.9352,True,-0.2411,1.1428,0.1336,0.0000,True,,False,
18,,TTMI,"TTM Technologies, Inc.",Technology,Electronic Components,19801090048.0000,190.6700,455865299.7923,True,85.5270,87.6699,87.6699,37.8134,48.9519,70.5070,94.4827,34.6270,49.7041,77.7778,84.7913,71.4286,21.7313,-16.9612,46.5620,103.0649,11.1850,-0.0028,0.0486,,0.1126,0.0819,0.0490,-0.0006,48.1266,1.5051,1.6608,101.3922,10.7733,6.3799,-1675.9272,7.0000,7.3956,safe,Buy,14.0000,85.7143,158.3300,180.0000,135.0000,1.8514,0.5530,1.6650,5.1186,True,-0.2326,0.8805,0.0218,0.0000,True,,False,
19,13.0000,POWL,"Powell Industries, Inc.",Industrials,Electrical Equipment & Parts,10781582336.0000,295.9400,214044289.8508,True,86.3196,86.8196,86.8196,48.6192,52.5572,69.3709,96.1711,30.6014,46.9135,55.5556,100.0000,55.0000,17.1837,-19.6898,44.1620,57.8008,16.1143,0.0132,0.1303,,0.2861,0.2371,0.1584,0.0179,43.3944,-2.2691,1.0874,57.5919,15.1829,9.5239,56.0020,5.0000,15.9698,safe,Hold,10.0000,30.0000,237.6700,333.0000,142.3333,0.3427,-0.0100,1.7248,3.6279,True,-0.3088,0.6687,2.0197,0.1200,True,,False,
20,,SITM,SiTime Corporation,Technology,Semiconductors,19169640448.0000,726.2100,451445361.4081,True,83.1653,85.6653,85.6653,15.6880,49.5905,68.3820,87.4383,43.5065,66.0734,55.5556,100.0000,75.0000,35.7617,-8.5430,5823.2290,,16.5187,0.0004,-0.0233,,-0.0215,-0.0333,-0.0188,0.0028,2963.6725,-78.6415,-4.2612,-789.0839,16.5064,50.4581,354.0815,5.0000,86.7009,safe,Buy,9.0000,100.0000,664.1700,900.0000,450.0000,12.3426,,1.4154,2.3432,True,-0.2939,0.9421,0.1128,0.0000,True,,False,
21,,COHR,Coherent Corp.,Technology,Scientific & Technical Instruments,74378158080.0000,380.1800,2262411959.7574,True,82.5615,84.6449,84.6449,34.9381,49.1655,70.0443,88.0195,32.8665,60.7298,77.7778,83.1897,70.8333,25.3713,-14.7772,57.6360,181.9043,6.9629,-0.0027,0.0314,,0.0526,0.0392,0.0271,-0.0089,54.2500,1.6003,0.2417,126.0431,5.5369,9.1311,-112.0087,7.0000,6.5949,safe,Buy,30.0000,80.0000,324.0000,455.0000,230.0000,2.8735,11.1830,1.4360,3.3986,True,-0.2652,0.8021,0.2625,0.0000,True,,False,
22,,ON,ON Semiconductor Corporation,Technology,Semiconductors,48557629440.0000,124.8900,1472170413.5491,True,81.2318,82.4275,82.4275,49.3156,51.1564,71.8920,88.8963,46.4789,50.5739,77.7778,86.7417,61.9565,9.1107,-24.5336,24.3220,91.8309,6.7026,0.0264,0.0683,,0.0745,0.0540,0.0478,0.0297,41.0653,0.8245,2.4251,85.7925,6.7408,8.0727,33.6575,7.0000,8.3708,safe,Buy,46.0000,50.0000,94.2500,120.0000,62.0000,2.1257,,1.4671,1.5936,True,-0.2810,0.6484,-0.0788,0.0000,True,,False,
23,,VSAT,"Viasat, Inc.",Technology,Communication Equipment,11623093248.0000,85.5700,139311308.7986,True,81.0847,81.5847,81.5847,44.4112,47.4221,36.0873,89.0957,46.0093,49.0404,44.4444,16.3952,55.0000,16.2654,-20.2407,12.3160,,2.5432,0.0345,0.0036,,-0.0745,-0.0033,-0.0227,0.1134,10.7806,3.6180,-4.9665,-32.8710,2.4387,2.5180,8.8167,4.0000,1.0930,danger,Buy,20.0000,40.0000,68.2500,100.0000,48.0000,1.1149,,1.4742,7.9668,True,-0.2378,0.7631,0.0520,0.0000,True,,False,
24,,ENPH,"Enphase Energy, Inc.",Technology,Solar,9262779392.0000,70.2800,490983222.3278,True,79.9118,80.6390,80.6390,48.2198,48.1277,61.8261,87.5157,46.0206,49.4959,66.6667,70.6838,57.2727,0.0000,-35.0455,49.9230,69.5842,8.4017,0.0099,0.0222,,0.1328,0.0397,0.0496,0.0157,45.2324,0.4044,1.4148,68.3746,8.3733,6.6172,63.8512,6.0000,4.4410,gray,Hold,55.0000,40.0000,45.6500,85.0000,21.7000,1.4151,,1.4182,0.4633,True,-0.4313,0.8850,-0.1525,0.0000,True,,False,
25,,FORM,"FormFactor, Inc.",Technology,Semiconductor Equipment & Materials,10370322432.0000,133.0300,310109953.3566,True,79.5534,80.4744,80.4744,35.3362,51.1829,80.0239,86.5345,34.7034,51.6290,88.8889,100.0000,59.2105,51.2153,0.7292,73.5030,154.6860,9.7946,-0.0001,0.0515,,0.0668,0.0797,0.0544,0.0035,67.7011,-0.6754,2.0019,151.4845,9.7781,12.3488,283.6987,8.0000,34.5274,safe,Hold,19.0000,42.1053,134.0000,175.0000,64.0000,2.1613,2.1850,1.3834,2.8796,True,-0.2443,0.7218,0.0114,0.0000,True,,False,
26,,AMD,"Advanced Micro Devices, Inc.",Technology,Semiconductors,808027815936.0000,495.5400,17166808625.7237,True,77.4749,79.2249,79.2249,42.6148,51.2789,76.3522,83.7828,44.8165,52.2432,77.7778,100.0000,67.5000,30.5095,-11.6943,107.6110,164.0861,12.5304,0.0089,0.0365,,0.0808,0.0622,0.0629,0.0106,99.7172,-0.2120,1.9674,161.3547,12.5380,21.5739,94.2416,7.0000,33.5714,safe,Buy,70.0000,70.0000,437.5900,579.0000,260.0000,3.2912,0.9510,1.2859,3.0415,True,-0.2776,0.7400,0.0037,0.0000,True,,False,
27,,LSCC,Lattice Semiconductor Corporation,Technology,Semiconductors,20264833024.0000,147.9100,349174489.1260,True,76.8472,78.9061,78.9061,32.8149,52.8170,76.8649,77.3498,44.6995,74.8370,77.7778,100.0000,70.5882,42.3377,-4.5974,287.4240,1137.7693,27.3452,0.0058,0.0248,,0.0279,0.0246,0.0221,0.0075,261.6899,-1.2985,9.7324,1017.9666,27.3403,35.3040,133.3941,7.0000,78.0540,safe,Buy,17.0000,88.2353,141.1100,175.0000,105.0000,16.7785,3.3440,1.0580,1.8084,True,-0.1933,0.6448,-0.0054,0.0000,True,,False,
28,,DELL,Dell Technologies Inc.,Technology,Computer Hardware,198326190080.0000,305.3200,1693765357.8647,True,77.5686,78.8476,78.8476,46.6341,49.0647,55.1780,84.8791,48.7275,48.3264,77.7778,38.6915,62.7907,14.5781,-21.2531,19.0180,35.2157,-80.6019,0.0333,0.0602,,-2.1824,0.1457,0.0586,0.0415,24.6550,2.1804,1.8843,33.4912,-80.4872,1.8134,24.0750,7.0000,2.5215,gray,Buy,43.0000,58.1395,240.4300,300.0000,170.0000,0.9896,0.4740,1.3248,1.4352,True,-0.3234,0.6778,-0.0692,0.8300,True,,False,
29,,MTSI,"MACOM Technology Solutions Holdings, Inc.",Technology,Semiconductors,30568665088.0000,400.6600,542495741.7229,True,77.2220,78.5762,78.5762,35.6989,51.3361,76.3713,84.1030,44.2756,49.6982,77.7778,100.0000,63.5417,29.9913,-12.0052,129.0150,169.7712,22.2108,0.0027,0.0545,,0.1319,0.0784,0.0877,0.0055,113.4310,1.0252,1.4235,170.1295,21.2101,28.4673,182.3014,7.0000,30.9553,safe,Buy,24.0000,62.5000,352.5600,450.0000,260.0000,1.9004,0.4630,1.2973,1.9557,True,-0.1974,0.6029,0.0263,0.0000,True,,False,
30,,MRVL,"Marvell Technology, Inc.",Technology,Semiconductors,173972406272.0000,198.7000,4559094026.3401,True,76.2831,78.3036,78.3036,46.8518,50.5486,71.0638,83.2331,45.0028,48.4827,66.6667,95.9760,70.2055,34.7509,-9.1495,66.8850,64.5130,11.7664,0.0083,0.0394,,0.1684,0.0493,0.0938,0.0096,40.9980,0.2617,0.8139,69.3606,9.6210,19.9576,104.5319,6.0000,12.9880,safe,Buy,73.0000,82.1918,180.5200,300.0000,110.0000,0.7960,0.9790,1.2665,1.8378,True,-0.2636,0.7292,0.0110,0.1200,True,,False,
31,14.0000,STRL,"Sterling Infrastructure, Inc.",Industrials,Engineering & Construction,24000098304.0000,782.1200,562779620.9875,True,75.6240,77.5684,77.5684,48.0272,51.9452,72.8706,82.2296,45.1157,49.2013,66.6667,100.0000,69.4444,5.7570,-26.5458,41.0420,69.9571,21.6480,0.0145,0.1291,,0.3277,0.2184,0.1245,0.0183,40.3927,-0.2876,1.4483,69.1588,20.1534,8.3196,54.5151,6.0000,10.6678,safe,Buy,9.0000,77.7778,574.5000,889.0000,413.0000,1.0041,1.4310,1.2309,2.8018,True,-0.3102,1.2851,0.0088,0.0000,True,,False,
32,,SMTC,Semtech Corporation,Technology,Semiconductors,14637599744.0000,157.2000,467871702.9073,True,74.7203,76.8297,76.8297,30.0093,50.4640,63.2485,77.7426,34.2276,62.6311,44.4444,94.8372,71.0938,98.8762,29.3257,96.2370,,26.5003,,0.0503,,-0.0568,0.1036,-0.0231,0.0111,91.6525,2.0129,-5.3644,-439.5317,21.6932,13.4295,90.3009,4.0000,12.4186,safe,Buy,32.0000,84.3750,203.3000,225.0000,175.0000,10.4771,0.3750,1.0719,2.7696,True,-0.2668,0.7750,0.0764,0.0000,True,,False,
33,,GFS,GLOBALFOUNDRIES Inc.,Technology,Semiconductors,44482060288.0000,81.1100,499888696.6485,True,75.0416,76.3574,76.3574,51.0989,49.5155,72.8547,82.0950,47.3387,46.8280,88.8889,80.1598,63.1579,42.4793,-4.5124,21.2780,51.0126,3.8042,0.0268,0.0309,,0.0666,0.0486,0.0460,0.0238,20.8651,-0.0580,2.4897,57.8612,3.8498,6.5981,42.0214,8.0000,5.0799,safe,Buy,19.0000,57.8947,77.4500,125.0000,50.0000,0.5801,-0.5100,1.2261,0.8993,True,-0.2410,0.6929,-0.0081,0.5900,True,,False,
34,,GLW,Corning Incorporated,Technology,Electronic Components,164287152128.0000,190.8900,2815529079.6111,True,74.6392,75.8554,75.8554,43.6211,49.9124,66.8578,81.0038,45.8230,49.1809,66.6667,83.9944,62.1622,30.5036,-11.6978,44.2780,91.7740,13.8557,0.0037,0.0537,,0.1565,0.0789,0.0579,0.0091,45.4559,1.9131,1.5400,90.9934,13.9433,10.0660,109.5248,6.0000,6.9972,safe,Buy,37.0000,54.0541,168.5600,223.0000,120.0000,1.0306,1.3630,1.1875,2.5975,True,-0.2301,0.7673,0.0083,0.5900,True,,False,
35,,ALAB,"Astera Labs, Inc.",Technology,Semiconductors,55764140032.0000,325.3300,1524682720.5015,True,73.6051,75.6364,75.6364,32.4800,54.3749,73.6805,79.3526,44.1494,50.6150,66.6667,100.0000,70.3125,4.1491,-27.5105,234.0400,222.8288,37.2999,0.0043,0.1007,,0.2033,0.1448,0.1613,0.0061,216.5457,-0.5774,1.4326,207.5377,37.1782,55.6837,162.6683,6.0000,200.4413,safe,Buy,16.0000,81.2500,235.8300,297.0000,153.0000,1.8813,1.5240,1.1290,2.0513,True,-0.6019,0.9456,0.0571,0.0000,True,,False,
36,,ASTS,"AST SpaceMobile, Inc.",Technology,Communication Equipment,50300948480.0000,129.6000,2114519167.1667,True,75.1845,75.5416,75.5416,4.3197,35.2086,58.7242,81.8267,34.8339,48.6157,55.5556,85.4084,53.5714,7.1116,-25.7330,-124.0880,,18.6020,-0.0281,-0.0630,,-0.3233,-0.0635,-0.0805,-0.0246,-105.8683,6.3895,0.1663,-77.3190,18.1176,620.8655,-40.6606,5.0000,7.7042,safe,Buy,7.0000,42.8571,96.2500,117.0000,80.0000,0.8349,,1.2166,3.9333,True,-0.4769,1.0810,-0.0064,0.0000,True,,False,
37,,TER,"Teradyne, Inc.",Technology,Semiconductor Equipment & Materials,58833235968.0000,375.8300,1527422653.9297,True,73.4519,75.0648,75.0648,45.0106,54.9198,77.5659,79.2456,45.1458,50.2774,77.7778,100.0000,66.1290,39.0287,-6.5828,50.5140,69.9870,20.9832,0.0051,0.1583,,0.2972,0.2566,0.1926,0.0094,53.0864,-0.1444,0.9108,68.8285,18.6982,15.5362,106.3546,7.0000,30.1367,safe,Buy,31.0000,64.5161,351.0900,440.0000,220.0000,0.7715,3.0340,1.1252,3.3256,True,-0.2673,0.8410,-0.0289,0.1400,True,,False,
38,,MKSI,MKS Inc.,Technology,Scientific & Technical Instruments,22155149312.0000,328.0100,414649998.3717,True,72.5326,74.4291,74.4291,49.9022,49.4081,54.4779,78.1240,46.3164,50.1672,66.6667,47.3589,68.9655,39.1975,-6.4815,27.5010,68.4781,7.8531,0.0221,0.0432,,0.1224,0.0723,0.0375,0.0181,25.1387,1.1613,1.6982,67.6082,7.8648,5.4408,55.2497,6.0000,3.0415,gray,Buy,29.0000,82.7586,306.7500,400.0000,175.0000,2.1202,0.6150,1.0854,2.4840,True,-0.2006,0.5465,0.0014,0.3000,True,,False,
39,,ALGM,"Allegro MicroSystems, Inc.",Technology,Semiconductors,9124897792.0000,49.0000,130428820.1066,True,71.0858,73.5858,73.5858,41.4433,49.3577,67.1395,69.6595,45.2167,76.7913,55.5556,96.5053,75.0000,62.1429,7.2857,87.3700,,9.5127,0.0164,0.0169,,-0.0157,0.0237,-0.0105,0.0137,102.8176,1.3184,-11.0413,-609.5291,9.4937,10.2516,73.0616,5.0000,13.2526,safe,Buy,13.0000,100.0000,52.5700,62.0000,45.0000,19.4075,,0.7856,0.5919,True,-0.3922,0.6630,0.0114,0.0000,True,,False,
40,,MCHP,Microchip Technology Incorporated,Technology,Semiconductors,52500377600.0000,96.8500,1112244229.5029,True,70.2066,72.0544,72.0544,42.6101,50.2734,69.4134,69.2472,49.9039,74.0442,77.7778,80.1891,68.4783,68.8780,11.3268,47.4960,440.2273,8.1530,0.0217,0.0223,,0.0305,0.0311,0.0141,0.0166,81.2416,7.4429,4.1830,259.3683,8.1531,11.1392,60.2759,7.0000,5.0946,safe,Buy,46.0000,69.5652,107.8200,135.0000,85.0000,17.5967,,0.7710,0.4112,True,-0.3441,0.4688,0.0030,1.8800,True,,False,
41,,AMKR,"Amkor Technology, Inc.",Technology,Semiconductor Equipment & Materials,17893916672.0000,72.1900,382135487.8005,True,71.0918,71.9846,71.9846,41.3067,49.0154,60.0353,76.4526,35.8164,49.6483,55.5556,75.5348,58.9286,58.7962,5.2777,14.8090,41.4885,3.9463,-0.0026,0.0440,,0.0996,0.0686,0.0526,0.0093,17.3878,0.3818,2.7848,40.9766,3.9419,2.5306,107.0070,5.0000,4.7321,gray,Hold,14.0000,42.8571,76.0000,90.0000,65.0000,0.4092,2.9450,1.0262,2.5810,True,-0.2642,0.7432,0.0033,0.4600,True,,False,
42,,LRCX,Lam Research Corporation,Technology,Semiconductor Equipment & Materials,398844592128.0000,318.9300,2641371065.9335,True,69.7769,71.6769,71.6769,46.1930,56.1067,81.6652,75.3474,45.9072,47.4948,88.8889,100.0000,69.0000,41.4454,-5.1328,50.6930,60.2892,37.6808,0.0109,0.2278,,0.6579,0.4279,0.3226,0.0162,49.7961,-0.1272,1.0367,59.4162,37.6556,18.3953,61.8284,8.0000,27.3776,safe,Buy,50.0000,78.0000,302.5600,385.0000,200.0000,0.5014,0.3720,0.9871,2.5433,True,-0.2001,0.6098,-0.0253,0.3300,True,,False,
43,,APLD,Applied Digital Corporation,Technology,Information Technology Services,13996991488.0000,48.9800,971738569.8719,True,68.3446,70.8446,70.8446,16.1633,38.3655,35.3427,74.1624,33.2534,45.0735,33.3333,34.3293,75.0000,100.0000,30.4206,1156.4370,,8.8396,-0.1069,-0.0060,,-0.1582,-0.0165,-0.0298,-0.1294,-382.7670,-27.8196,0.2331,-71.4336,8.4153,39.3777,-7.7290,3.0000,2.2598,gray,Buy,13.0000,100.0000,63.8800,99.0000,40.0000,-1.5000,,0.9451,5.1692,True,-0.5031,1.1024,0.2096,0.0000,True,,False,
44,,Q,"Qnity Electronics, Inc.",Technology,Semiconductor Equipment & Materials,33307959296.0000,159.1100,304537161.6280,True,68.2660,70.7660,70.7660,50.6852,50.1881,66.6147,73.5776,46.0427,47.0193,88.8889,60.7671,75.0000,52.2835,1.3701,25.7150,51.3258,4.6386,0.0211,0.0506,,0.0757,0.0613,0.0462,0.0270,25.3116,2.1971,1.8197,51.3313,4.6431,6.7275,37.0913,8.0000,3.8460,gray,Buy,3.0000,100.0000,161.2900,200.0000,100.0000,0.5347,-0.2180,0.9244,,,,,-0.0005,0.2000,True,,False,
45,,LGN,Legence Corp.,Industrials,Engineering & Construction,14453770240.0000,88.0000,147745884.0274,True,68.3127,70.5350,70.5350,42.8552,54.8661,60.2372,71.1368,31.1583,57.0167,44.4444,81.4011,72.2222,57.3485,4.4091,34.0850,,14.3276,0.0229,0.0240,,-0.0543,0.0459,-0.0065,0.0279,56.5234,-0.4045,-17.2751,-262.9506,11.6913,3.4553,35.8459,4.0000,3.4203,safe,Buy,9.0000,88.8889,91.8800,125.0000,60.0000,6.3726,,0.8379,,,,,1.9864,0.0000,True,,False,
46,15.0000,RVMD,"Revolution Medicines, Inc.",Healthcare,Biotechnology,32527259648.0000,153.0000,346357430.5431,True,67.5414,70.0414,70.0414,4.1900,29.8563,46.9891,72.5121,33.7367,47.6587,11.1111,100.0000,75.0000,56.5359,3.9216,-22.5310,,20.4191,-0.0186,-0.3753,,-0.8322,-0.7002,-0.6086,-0.0329,-24.0746,0.2123,0.7709,-22.0959,20.2071,0.0000,-30.3501,1.0000,22.7919,safe,Buy,22.0000,95.4545,159.0000,205.0000,73.0000,0.2041,,0.8866,2.8539,True,-0.2495,0.9617,0.1435,0.0000,True,,False,
47,,LFUS,"Littelfuse, Inc.",Technology,Electronic Components,12028919808.0000,475.6600,177367637.5555,True,68.2159,69.4659,69.4659,43.8255,50.7839,63.4196,69.2075,47.2240,64.2496,55.5556,83.9193,62.5000,35.7531,-8.5481,23.0560,,4.7607,0.0272,0.0636,,-0.0157,-0.0198,-0.0104,0.0322,51.0880,-1.3608,-11.1207,-297.2460,4.7440,4.8329,31.0361,5.0000,6.9597,safe,Buy,12.0000,58.3333,435.0000,520.0000,360.0000,11.3383,0.7250,0.7695,0.9822,True,-0.1975,0.4669,0.0233,0.6300,True,,False,
48,,ONTO,Onto Innovation Inc.,Technology,Semiconductor Equipment & Materials,13276061696.0000,266.8900,336006142.3924,True,66.9615,69.4615,69.4615,47.0023,40.6290,61.6911,70.9181,45.0759,51.1351,44.4444,100.0000,75.0000,90.4536,24.2722,47.2880,123.5602,6.3147,0.0149,0.0537,,0.0519,0.0409,0.0444,0.0180,62.4287,-1.2091,2.4683,124.7547,6.2263,12.8818,55.5968,4.0000,32.4488,safe,Buy,11.0000,100.0000,331.6700,370.0000,275.0000,3.3975,-0.4730,0.8302,1.4946,True,-0.2024,0.6590,0.0176,0.0000,True,,False,
49,,ARW,"Arrow Electronics, Inc.",Technology,Electronics & Computer Distribution,11122144256.0000,217.5100,176333468.5679,True,68.5046,69.0928,69.0928,52.8443,47.8108,39.4667,73.3962,45.8707,48.9380,44.4444,26.1449,55.8824,42.9658,-4.2205,10.4320,15.5809,1.6482,0.0238,0.0249,,0.1115,0.0888,0.0202,0.0340,10.0689,1.6497,0.5685,15.3620,1.6558,0.3319,29.4539,4.0000,1.7430,danger,Hold,17.0000,35.2941,208.3300,240.0000,165.0000,0.5261,1.9490,0.9179,0.5299,True,-0.2354,0.3888,-0.0173,0.0000,True,,False,
50,16.0000,WULF,TeraWulf Inc.,Financial Services,Capital Markets,13250542592.0000,26.7400,677702068.6407,True,65.8664,68.3664,68.3664,9.5135,38.1233,41.1485,70.0707,32.7767,49.0495,22.2222,63.0999,75.0000,83.6574,20.1945,-110.0820,,80.0599,-0.0215,-0.0342,,-8.5044,-0.0468,-0.1466,-0.1273,-113.4695,-17.9364,0.1884,-11.0069,-143.5881,78.8432,-7.8558,2.0000,0.7634,gray,Buy,13.0000,100.0000,32.1400,42.0000,28.0000,1.1208,,0.8001,5.5028,True,-0.3174,0.8358,0.2747,0.0000,True,,False,
51,,TXN,Texas Instruments Incorporated,Technology,Semiconductors,288908967936.0000,317.4500,2181104374.1873,True,67.0914,68.0145,68.0145,44.6564,53.3044,76.2010,71.9612,48.6180,47.6124,77.7778,97.5209,59.2308,24.7362,-15.1583,34.3750,54.3579,17.2181,0.0037,0.1216,,0.3249,0.1751,0.1560,0.0129,36.2526,1.2715,1.4578,53.7660,17.1988,15.6692,77.6428,7.0000,13.7605,safe,Buy,65.0000,47.6923,269.3300,400.0000,175.0000,0.6154,0.3100,0.8671,0.4970,True,-0.2957,0.5178,0.0018,1.7900,True,,False,
52,,MTZ,"MasTec, Inc.",Industrials,Engineering & Construction,30621272064.0000,387.5200,437461069.8863,True,65.7647,67.9869,67.9869,39.7526,48.3942,70.7763,69.0583,44.3357,52.5902,77.7778,86.1568,72.2222,62.5628,7.5377,27.5220,67.9860,9.1323,0.0004,0.0494,,0.1453,0.1027,0.0439,0.0058,29.3496,2.4156,1.2837,65.8393,9.1278,2.0040,171.4565,7.0000,4.8470,safe,Buy,36.0000,88.8889,416.7300,518.0000,260.0000,1.0564,5.1440,0.7643,1.2090,True,-0.1413,0.4419,-0.0005,0.0000,True,,False,
53,,HPE,Hewlett Packard Enterprise Company,Technology,Communication Equipment,49358974976.0000,37.2000,539400981.1991,True,66.9700,67.9159,67.9159,44.6889,47.8737,35.8122,65.6991,50.8618,72.0533,44.4444,15.1186,59.4595,26.7025,-13.9785,13.5460,,1.9955,0.0517,0.0161,,-0.0064,0.0100,-0.0021,0.0771,34.9115,8.8543,-28.7628,-318.0649,2.0028,1.3791,12.9704,4.0000,1.0079,danger,Hold,37.0000,40.5405,32.0000,40.0000,28.0000,17.0722,-0.2790,0.6453,0.8420,True,-0.2373,0.5063,0.0101,1.5300,True,,False,
54,17.0000,PRAX,"Praxis Precision Medicines, Inc.",Healthcare,Biotechnology,9956346880.0000,357.1300,129934189.9547,True,66.0597,67.7785,67.7785,5.1435,29.8563,50.6928,70.6372,31.9871,47.7500,22.2222,100.0000,67.1875,100.0000,70.8426,-25.6750,,7.0565,-0.0177,-0.2304,,-0.4302,-0.2532,-0.2236,-0.0375,-19.8843,1.5161,0.8658,-31.5901,7.3159,0.0000,-26.6885,2.0000,85.3779,safe,Buy,16.0000,75.0000,610.1300,1245.0000,166.0000,0.2643,,0.8202,8.6088,True,-0.3633,0.6010,0.3827,0.0000,True,,False,
55,,FIX,"Comfort Systems USA, Inc.",Industrials,Engineering & Construction,65691631616.0000,1867.0900,747145221.0022,True,66.3375,67.7264,67.7264,44.7784,53.3413,84.4471,71.0433,45.6692,47.5143,100.0000,100.0000,63.8889,55.0087,3.0052,39.2710,53.7602,101.7211,0.0167,0.1727,,0.5169,0.3709,0.1764,0.0210,37.5545,-0.3875,1.3592,53.7516,23.3648,6.4884,47.5532,9.0000,12.3173,safe,Buy,9.0000,55.5556,1923.2000,2004.0000,1800.0000,0.5084,0.3820,0.8346,2.5711,True,-0.1377,0.5499,-0.0041,0.1400,True,,False,
56,,GEV,GE Vernova Inc.,Industrials,Specialty Industrial Machinery,277289500672.0000,1031.8900,2398839754.1544,True,65.8383,67.7133,67.7133,49.5823,48.6871,61.9434,66.8652,46.8853,61.7307,55.5556,81.5876,68.7500,64.2231,8.5339,79.7700,30.1194,19.9172,0.0336,0.0238,,0.8798,0.1032,0.1240,0.0271,81.2442,-2.2013,0.9633,29.6084,19.9381,7.0423,36.8393,5.0000,3.4763,safe,Buy,28.0000,75.0000,1119.9500,1400.0000,714.0000,-0.2845,17.6810,0.6866,0.9092,True,-0.1751,0.5134,-0.0154,0.1900,True,,False,
57,,VRT,Vertiv Holdings Co,Industrials,Electrical Equipment & Parts,122830315520.0000,319.7800,1908048418.6078,True,65.2321,67.6005,67.6005,46.7784,51.9722,69.1759,69.1690,45.3971,49.4843,55.5556,100.0000,73.6842,77.0446,16.2268,51.8650,80.5491,31.0376,0.0160,0.1115,,0.4206,0.2031,0.1163,0.0188,52.7363,0.4436,1.0645,78.5746,28.8465,11.3277,53.1848,5.0000,9.9282,safe,Buy,19.0000,94.7368,371.6700,500.0000,277.0000,1.2259,1.3710,0.7682,1.6322,True,-0.2478,0.6120,0.0082,0.0800,True,,False,
58,18.0000,SNEX,StoneX Group Inc.,Financial Services,Capital Markets,8907868160.0000,112.4000,71863363.1846,True,65.0532,67.5532,67.5532,13.7271,38.0035,68.2234,69.3258,30.0550,47.9625,66.6667,100.0000,75.0000,50.0000,0.0000,,20.0714,3.2908,,0.0109,,0.1931,0.1128,0.0086,0.8867,10.4722,6.8987,17.4427,18.5952,3.1854,0.0585,1.1278,6.0000,3.0990,safe,Buy,2.0000,100.0000,,,,0.1875,1.4310,0.7737,0.6380,True,-0.2091,0.4979,0.6467,0.0000,True,,False,
59,,GNRC,Generac Holdings Inc.,Industrials,Specialty Industrial Machinery,16514430976.0000,280.5300,236591683.5732,True,65.5302,67.2609,67.2609,47.3223,49.6746,68.0121,69.2269,44.8203,50.7431,66.6667,87.6952,67.3077,49.6851,-0.1889,33.4460,87.6656,6.1624,0.0070,0.0379,,0.0718,0.0581,0.0338,0.0254,38.0723,2.2930,2.6374,86.7155,6.1265,3.8171,39.3713,6.0000,5.3085,safe,Buy,39.0000,69.2308,280.0000,325.0000,195.0000,2.4669,0.6710,0.7702,0.9413,True,-0.3277,0.5547,-0.0125,0.0000,True,,False,
60,,ENTG,"Entegris, Inc.",Technology,Semiconductor Equipment & Materials,21322000384.0000,140.0000,460133910.8856,True,65.5538,67.1885,67.1885,49.5493,49.4100,59.4933,69.6120,46.1853,49.3212,66.6667,62.4033,66.3462,64.2857,8.5714,28.0060,80.4598,5.3792,0.0209,0.0375,,0.0674,0.1141,0.0312,0.0319,29.1284,3.9191,1.6367,80.6125,5.2657,6.5904,31.3651,6.0000,3.9442,gray,Buy,26.0000,69.2308,152.0000,205.0000,105.0000,1.6519,0.4630,0.7839,0.5913,True,-0.3130,0.6215,0.0065,0.2900,True,,False,
61,19.0000,RIOT,"Riot Platforms, Inc.",Financial Services,Capital Markets,10187394048.0000,26.9400,424510466.9678,True,64.7141,67.0752,67.0752,17.7298,34.1442,55.8258,68.7698,34.2048,48.4912,33.3333,100.0000,73.6111,51.9178,1.1507,-33.2370,,4.2633,-0.0438,-0.1211,,-0.2878,-0.1402,-0.2523,-0.1005,-111.3982,-0.9095,0.7305,-10.7980,3.9107,15.5945,-9.9522,3.0000,4.6779,safe,Buy,18.0000,94.4444,27.2500,31.0000,24.0000,0.7529,,0.7540,1.6634,True,-0.4857,0.8557,0.0795,0.0000,True,,False,
62,20.0000,MRNA,"Moderna, Inc.",Healthcare,Biotechnology,18890993664.0000,47.6100,395286179.7641,True,65.7953,66.0731,66.0731,18.2427,29.8391,40.4172,70.2235,34.5945,48.0826,11.1111,80.3013,52.7778,24.3751,-15.3749,-6.5180,,2.1686,-0.0011,-0.1309,,-0.3673,-0.3732,-0.2780,-0.0837,-6.1844,0.2064,0.4524,-5.8879,2.5386,8.4903,-11.9412,1.0000,3.0904,safe,Hold,27.0000,25.9259,40.2900,49.0000,33.0000,0.4835,,0.8055,0.4951,True,-0.3551,0.6424,0.0263,0.0000,True,,False,
63,,AMAT,"Applied Materials, Inc.",Technology,Semiconductor Equipment & Materials,355892297728.0000,448.2500,3220472443.7781,True,64.0869,66.0680,66.0680,48.4240,53.8057,77.1945,68.2401,46.0663,47.4743,77.7778,100.0000,69.8113,75.0679,15.0407,38.2660,42.2081,14.8851,0.0085,0.1486,,0.3978,0.2160,0.2112,0.0168,33.3158,0.0144,1.6802,41.8325,14.8860,12.2620,59.6634,7.0000,17.2895,safe,Buy,53.0000,77.3585,515.6700,575.0000,425.0000,0.5226,0.3130,0.7353,1.5062,True,-0.2137,0.5252,-0.0227,0.4700,True,,False,
64,21.0000,AA,Alcoa Corporation,Basic Materials,Aluminum,19303544832.0000,73.1500,274697585.7348,True,64.4767,65.9053,65.9053,53.0610,48.7900,55.8784,68.7694,48.8295,47.3060,44.4444,74.4007,64.2857,55.5821,3.3493,12.1270,18.7564,2.8279,0.0563,0.0424,,0.1613,0.0658,0.0616,0.0149,11.7942,0.6167,0.9301,18.8156,2.8254,1.5254,67.2597,4.0000,2.3320,gray,Buy,42.0000,57.1429,75.6000,80.0000,70.0000,0.7271,-0.2240,0.7540,1.3296,True,-0.1580,0.5565,0.0193,0.5500,True,,False,
65,22.0000,MOD,Modine Manufacturing Company,Consumer Cyclical,Auto Parts,14761042944.0000,279.9300,348353281.9276,True,63.7958,65.6708,65.6708,37.2814,51.0884,68.8813,66.6446,34.7649,52.4005,55.5556,100.0000,68.7500,55.7574,3.4544,34.3440,123.3172,13.1757,-0.0050,0.1010,,0.1110,0.1158,0.0455,0.0071,50.7852,1.2183,2.0170,124.1069,12.5675,4.6402,140.0479,5.0000,7.7720,safe,Buy,12.0000,75.0000,289.6000,370.0000,240.0000,3.6728,0.4780,0.6788,1.7439,True,-0.2755,0.7748,0.0030,0.0000,True,,False,
66,,KNX,Knight-Swift Transportation Holdings Inc.,Industrials,Trucking,12053805056.0000,74.1800,316849901.0792,True,63.7938,65.3215,65.3215,44.5849,52.6639,59.7796,62.3209,49.2238,69.6851,66.6667,60.0083,65.2778,34.4747,-9.3152,14.3300,353.2381,1.7087,0.0408,0.0115,,0.0048,0.0122,0.0028,0.1034,14.5179,2.3850,37.8221,354.4796,1.7081,1.6081,9.6722,6.0000,2.4002,gray,Buy,36.0000,61.1111,67.2700,88.0000,54.0000,14.7233,,0.5256,0.4335,True,-0.1891,0.4747,0.0030,1.0800,True,,False,
67,23.0000,SOLS,"Solstice Advanced Materials, Inc.",Basic Materials,Specialty Chemicals,13673048064.0000,86.1000,191685767.2016,True,63.9904,65.2404,65.2404,39.7510,49.5891,62.6157,67.8515,35.5849,48.5462,55.5556,82.7024,62.5000,39.1599,-6.5041,17.0900,72.3529,9.2007,,,,0.1124,0.0719,0.0359,0.0058,16.9655,1.9484,1.4261,66.2115,9.2010,3.4952,173.0766,5.0000,3.1756,safe,Buy,4.0000,50.0000,80.5000,90.0000,60.0000,1.6281,-0.3660,0.7215,,,,,0.0005,0.3500,True,,False,
68,,MPWR,"Monolithic Power Systems, Inc.",Technology,Semiconductors,79598952448.0000,1620.1700,1091821747.8912,True,62.8657,65.0657,65.0657,42.7959,53.7824,66.0756,66.4435,45.6114,48.5541,44.4444,100.0000,72.0000,49.4682,-0.3191,91.2880,116.3080,21.6450,0.0062,0.1213,,0.1905,0.1627,0.1518,0.0079,91.1323,-1.2334,1.2320,117.7820,21.6308,26.9180,126.8412,4.0000,64.5302,safe,Buy,25.0000,88.0000,1615.0000,2000.0000,1200.0000,1.1650,0.4310,0.6716,1.0973,True,-0.2245,0.5537,0.0262,0.4900,True,,False,
69,,JBL,Jabil Inc.,Technology,Electronic Components,39181565952.0000,371.3800,445284127.9277,True,63.6104,65.0234,65.0234,49.6792,48.6629,60.3242,67.3449,46.4952,48.6722,77.7778,54.5320,64.1304,21.1078,-17.3353,17.5820,49.9839,29.2402,0.0307,0.0535,,0.5899,0.1631,0.0392,0.0376,21.2421,1.3023,2.1386,48.8900,29.4285,1.1994,26.5999,7.0000,3.4719,gray,Buy,23.0000,52.1739,307.0000,384.0000,254.0000,0.9638,0.9060,0.7036,0.9141,True,-0.1786,0.4941,-0.0172,0.0900,True,,False,
70,,AGX,"Argan, Inc.",Industrials,Engineering & Construction,9402513408.0000,673.5100,191352605.9827,True,63.1095,64.5380,64.5380,48.5320,50.9738,68.8431,66.9595,47.0103,47.7095,55.5556,100.0000,64.2857,0.0000,-33.7055,62.0790,68.9365,20.3262,0.0363,0.0833,,0.3362,0.2397,0.1161,0.0437,62.7533,-2.3048,3.0101,67.9259,20.2448,9.9539,22.8860,5.0000,10.0166,safe,Buy,7.0000,57.1429,446.5000,518.0000,375.0000,0.5272,0.5690,0.6899,1.9337,True,-0.2496,0.9740,0.0239,0.3000,True,,False,
71,,KEYS,"Keysight Technologies, Inc.",Technology,Scientific & Technical Instruments,59357237248.0000,347.6500,576325120.6230,True,62.5236,64.3986,64.3986,49.7250,52.0619,72.3749,66.1304,45.5586,48.0964,77.7778,87.2851,68.7500,61.0887,6.6532,39.2870,55.8923,9.3901,0.0193,0.0655,,0.1744,0.1023,0.0895,0.0243,41.6244,0.2410,1.4181,57.2498,9.4949,9.7885,41.1832,7.0000,8.6425,safe,Buy,16.0000,75.0000,370.7800,425.0000,220.0000,0.9062,0.3580,0.6605,0.8585,True,-0.1400,0.3885,-0.0120,0.0000,True,,False,
72,,CORZ,"Core Scientific, Inc.",Technology,Software - Infrastructure,8646479872.0000,27.2000,373742848.0979,True,62.0415,64.2006,64.2006,22.1293,36.0130,26.8191,65.2998,44.9593,49.0083,44.4444,0.0000,71.5909,76.9608,16.1765,-101.2730,,-6.6019,0.0202,-0.0433,,1.0908,-0.0731,-0.3963,-0.0545,108.9628,11.8037,-0.4693,-7.2201,-6.7269,24.3743,-18.3498,4.0000,-1.1800,danger,Buy,22.0000,86.3636,31.6000,37.0000,29.0000,1.0938,,0.6311,1.1273,True,-0.4074,0.6391,0.0780,0.0000,True,,False,
73,24.0000,VG,"Venture Global, Inc.",Energy,Oil & Gas Midstream,30731509760.0000,12.3700,271694626.5826,True,62.7253,64.0157,64.0157,42.2777,49.3522,46.6432,66.8131,35.8510,46.3744,55.5556,35.0217,62.9032,82.4710,19.4826,11.5740,12.8854,4.2465,-0.3019,0.0645,,0.3562,0.0827,0.0473,-0.2273,10.9008,5.9015,2.3199,11.4367,3.4380,1.9520,-4.4000,5.0000,1.1507,gray,Buy,31.0000,54.8387,14.7800,22.0000,8.0000,-0.1308,0.1910,0.6847,-0.2784,True,-0.6873,0.9292,0.0268,0.5500,True,,False,
74,,CGNX,Cognex Corporation,Technology,Scientific & Technical Instruments,11100177408.0000,66.7000,179645513.1577,True,62.5598,63.6082,63.6082,48.6747,52.8859,79.8674,65.9269,46.5676,49.0915,88.8889,97.8274,60.4839,60.5447,6.3268,48.0370,78.4706,7.5104,0.0163,0.0623,,0.0956,0.0706,0.0711,0.0217,48.8085,-0.7289,1.7546,77.9167,7.5096,10.6043,46.0386,8.0000,13.9137,safe,Hold,31.0000,45.1613,70.9200,80.0000,61.0000,1.0727,1.1910,0.6533,0.9021,True,-0.2786,0.4360,-0.0174,0.5000,True,,False,
75,25.0000,BTSG,"BrightSpring Health Services, Inc.",Healthcare,Health Information Services,11741758464.0000,60.5500,169698830.7111,True,61.0197,63.5197,63.5197,50.5745,47.3794,73.5105,63.1132,48.7332,52.6461,88.8889,84.2632,75.0000,44.3573,-3.3856,25.8130,78.6364,6.2694,0.0863,0.0407,,0.1271,0.0784,0.0379,0.0351,21.6060,2.8870,1.6569,52.6197,6.2624,0.8604,28.4913,8.0000,4.2790,safe,Buy,12.0000,100.0000,58.5000,70.0000,45.0000,1.7442,4.0360,0.5536,1.3058,True,-0.1970,0.4514,0.1077,0.0000,True,,False,
76,,ECG,"Everus Construction Group, Inc.",Industrials,Engineering & Construction,7731782656.0000,151.4800,113019846.2278,True,61.2897,62.9564,62.9564,51.0511,50.6565,74.5126,64.8198,45.6069,47.1697,77.7778,95.1037,66.6667,52.3325,1.3995,24.3270,34.7431,11.2549,0.0216,0.1137,,0.3717,0.1990,0.1209,0.0297,21.9926,-0.5654,1.3132,34.6348,11.2642,1.9541,33.6713,7.0000,7.5311,safe,Buy,6.0000,66.6667,153.6000,180.0000,115.0000,0.1590,0.5900,0.6141,1.2640,True,-0.2026,0.5857,0.0008,0.0000,True,,False,
77,26.0000,AUR,"Aurora Innovation, Inc.",Consumer Cyclical,Auto Parts,13355792384.0000,6.8100,237220910.8949,True,61.4445,62.8730,62.8730,5.1630,22.2348,48.1523,64.9624,33.9825,47.3726,22.2222,100.0000,64.2857,100.0000,39.5007,-13.5060,,6.7829,-0.0301,-0.2743,,-0.3964,-0.4527,-0.3803,-0.0484,-14.9111,0.2222,0.7196,-15.9638,6.7545,3336.8998,-20.6619,2.0000,31.7883,safe,Buy,7.0000,57.1429,9.5000,14.0000,5.0000,0.0155,,0.6192,-0.1767,True,-0.4253,0.7824,0.1099,0.0000,True,,False,
78,27.0000,DAR,Darling Ingredients Inc.,Consumer Defensive,Packaged Foods,9335393280.0000,58.7400,161948271.9605,True,60.6493,62.8493,62.8493,51.5746,48.1331,70.4485,62.9890,45.4727,51.2907,88.8889,74.3235,72.0000,68.6982,11.2189,13.8920,42.5652,1.9144,0.0199,0.0282,,0.0472,0.0420,0.0210,0.0591,13.8375,4.2999,3.6159,41.5708,1.9035,1.4791,16.9292,8.0000,2.3524,gray,Buy,25.0000,84.0000,65.3300,75.0000,57.0000,2.5982,,0.5492,0.5317,True,-0.2461,0.3087,0.0049,0.0000,True,,False,
79,28.0000,SATS,EchoStar Corporation,Communication Services,Telecom Services,35490562048.0000,122.4600,764762005.4667,True,61.4612,62.5976,62.5976,32.9837,41.5552,24.9628,64.6109,34.7035,48.8627,33.3333,0.0000,61.3636,68.9722,11.3833,39.8500,,6.2910,-0.0129,0.0040,,-1.5168,0.0067,-0.3490,-0.0257,-4.0273,-1.7795,-1.2119,-2.4508,6.2850,2.3843,-38.8460,3.0000,-0.7361,danger,Buy,11.0000,54.5455,136.4000,161.0000,110.0000,0.9977,,0.6067,4.7664,True,-0.2100,0.5591,0.0114,0.0000,True,,False,
80,,ATI,ATI Inc.,Industrials,Metal Fabrication,23178137600.0000,169.8400,292365565.3999,True,60.9263,62.4780,62.4780,49.4995,50.1354,76.2417,64.2088,45.4335,47.7963,88.8889,89.7009,65.5172,55.0636,3.0382,29.1100,56.2384,13.0908,0.0147,0.0830,,0.2423,0.1286,0.0813,0.0238,29.1107,1.6874,1.9038,54.2450,13.0366,5.0448,41.9514,8.0000,5.9103,safe,Buy,29.0000,65.5172,175.0000,194.0000,141.0000,0.7901,0.2190,0.5925,0.8531,True,-0.2531,0.5146,-0.0325,0.0000,True,,False,
81,,KLAC,KLA Corporation,Technology,Semiconductor Equipment & Materials,255662866432.0000,1957.1900,1926319816.3141,True,60.8340,62.3113,62.3113,46.0777,56.1307,74.2658,64.2615,46.1912,47.1241,66.6667,100.0000,64.7727,38.2646,-7.0412,43.9040,55.5546,43.8773,0.0113,0.2128,,0.8907,0.3629,0.2768,0.0157,44.0573,0.7385,0.9424,54.8572,43.9437,19.5213,63.6839,6.0000,16.9344,safe,Buy,44.0000,63.6364,1819.3800,2000.0000,1450.0000,0.4151,0.1030,0.5943,1.2123,True,-0.2241,0.5299,-0.0170,0.4700,True,,False,
82,29.0000,SM,SM Energy Company,Energy,Oil & Gas E&P,7343502848.0000,30.6300,136431146.2632,True,61.0096,62.3059,62.3059,53.6699,53.3894,41.8688,63.5629,54.7883,50.7965,55.5556,16.6613,62.9630,71.3299,12.7979,7.6270,12.9241,0.7300,0.1972,0.0294,,0.0249,-0.0770,0.0068,-0.0307,6.6327,3.0581,16.5838,26.9443,0.5129,1.9388,-32.6004,5.0000,0.5554,danger,Buy,54.0000,59.2593,34.5500,55.0000,24.0000,2.2724,,0.5696,0.0483,True,-0.3816,0.5578,1.0946,2.8700,True,,False,
83,,ADI,"Analog Devices, Inc.",Technology,Semiconductors,203056840704.0000,416.8800,1785626328.8461,True,60.1780,62.1687,62.1687,49.6094,52.0407,72.7031,62.9287,48.0413,49.1749,77.7778,88.2908,69.9074,60.9824,6.5894,33.8780,62.1282,6.0179,0.0191,0.0549,,0.0979,0.0778,0.0691,0.0225,33.7898,1.0087,1.5411,61.3481,6.0243,15.9383,44.4798,7.0000,9.1454,safe,Buy,54.0000,79.6296,444.3500,515.0000,360.0000,1.2017,1.0650,0.5471,0.6674,True,-0.1573,0.3919,-0.0211,1.0600,True,,False,
84,30.0000,CAVA,"CAVA Group, Inc.",Consumer Cyclical,Restaurants,9574150144.0000,82.2000,284227320.3683,True,60.3751,62.0751,62.0751,35.3295,49.4719,72.0462,63.7164,34.7312,47.0099,66.6667,100.0000,67.0000,65.0649,9.0389,67.7460,158.0769,12.2431,,,,0.0792,0.0539,0.0433,0.0041,58.1506,1.2057,3.4143,155.2422,11.8069,7.4443,245.9767,6.0000,10.2883,safe,Buy,25.0000,68.0000,89.6300,106.0000,64.0000,0.4491,-0.0830,0.5750,-0.2857,True,-0.5265,0.4791,0.0076,0.0000,True,,False,
85,31.0000,PRMB,Primo Brands Corporation,Consumer Defensive,Beverages - Non-Alcoholic,8897538048.0000,24.5200,101177076.5347,True,60.0353,62.0353,62.0353,49.1150,49.6210,44.8545,60.8830,51.9152,56.6444,55.5556,29.3869,70.0000,68.0125,10.8075,10.8240,129.0526,3.0093,0.0467,0.0406,,0.0190,0.0305,0.0055,0.0380,12.9274,4.8949,10.3897,151.8732,3.0147,1.3327,26.3434,5.0000,1.1755,danger,Buy,10.0000,80.0000,27.1700,35.0000,24.0000,6.7799,-0.0490,0.4746,-0.5081,True,-0.5596,0.4667,-0.0404,1.9600,True,,False,
86,32.0000,ARWR,"Arrowhead Pharmaceuticals, Inc.",Healthcare,Biotechnology,11126295552.0000,78.9900,129273520.8830,True,60.0552,61.9302,61.9302,16.7216,39.4610,51.5827,63.5776,34.5982,45.9655,33.3333,81.9536,68.7500,59.6426,5.7855,-54.5100,,18.0838,-0.0041,-0.0722,,-0.5545,-0.1098,-0.1327,-0.0046,-91.5539,-8.8108,0.1360,-37.3847,18.3224,17.8877,-218.7116,3.0000,3.5861,safe,Buy,20.0000,75.0000,83.5600,110.0000,35.0000,-0.9120,,0.5701,3.8552,True,-0.2464,0.5456,0.0258,0.0000,True,,False,
87,33.0000,CHRD,Chord Energy Corporation,Energy,Oil & Gas E&P,7527200768.0000,133.7000,109443372.8928,True,60.3200,61.8989,61.8989,45.0221,50.6472,48.9151,57.7963,57.3552,70.4145,44.4444,51.6535,65.7895,65.2082,9.1249,4.0960,,0.9352,0.0601,0.0307,,-0.0083,-0.0245,-0.0050,0.0693,4.7523,0.6885,-28.6357,-113.5699,0.9424,1.4128,14.4282,4.0000,1.6496,gray,Buy,19.0000,73.6842,145.9000,189.0000,99.0000,16.1253,-0.5060,0.3653,0.2521,True,-0.2458,0.4435,-0.0687,3.8900,True,,False,
88,,SAIA,"Saia, Inc.",Industrials,Trucking,12609310720.0000,474.0000,178431342.0973,True,60.4255,61.6755,61.6755,44.5130,50.3158,72.3275,63.7454,44.4814,47.1457,66.6667,100.0000,62.5000,37.0851,-7.7489,21.8190,49.7377,4.8011,0.0027,0.0607,,0.1004,0.0809,0.0716,0.0154,21.1317,0.1834,2.4522,49.7310,4.8305,3.8864,64.9421,6.0000,10.1986,safe,Buy,32.0000,53.1250,437.2700,500.0000,265.0000,0.4892,0.0010,0.5760,0.4395,True,-0.2492,0.5384,-0.0012,0.0000,True,,False,
89,,ENS,EnerSys,Industrials,Electrical Equipment & Parts,8607604736.0000,235.7100,104563040.1962,True,60.0583,61.4645,61.4645,52.3296,50.2546,67.9705,63.2391,48.6864,47.3353,66.6667,86.9903,64.0625,63.6396,8.1838,16.1180,30.5720,4.5772,0.0465,0.0732,,0.1560,0.1156,0.0733,0.0543,18.2977,1.4683,1.8654,30.0724,4.6318,2.2945,18.4111,6.0000,5.0971,safe,Buy,16.0000,62.5000,255.0000,265.0000,250.0000,0.7317,-0.1990,0.5581,1.5414,True,-0.1832,0.4477,-0.0738,0.4500,True,,False,
90,,SANM,Sanmina Corporation,Technology,Electronic Components,14032959488.0000,261.8200,213003738.9668,True,60.9500,61.3911,61.3911,40.6191,48.1473,47.7254,63.8153,34.8848,49.4886,55.5556,39.4733,54.4118,10.6473,-23.6116,19.9390,55.5881,5.7477,-0.0058,0.0479,,0.1088,0.0743,0.0268,0.0523,28.2982,1.1534,3.5614,54.7059,5.8690,1.2374,19.1099,5.0000,2.5684,gray,Hold,17.0000,29.4118,200.0000,200.0000,200.0000,1.7651,0.4580,0.5785,1.7389,True,-0.3269,0.6219,-0.0134,0.0000,True,,False,
91,,SNX,TD SYNNEX Corporation,Technology,Electronics & Computer Distribution,19895367680.0000,246.7600,143666123.1798,True,59.2131,61.1922,61.1922,53.1267,47.5957,56.0641,61.9953,50.0688,48.0840,77.7778,42.8189,69.7917,15.0403,-20.9758,11.5640,20.5291,2.2424,0.0610,0.0314,,0.1160,0.0881,0.0281,0.0628,10.1762,-0.2269,1.4020,19.9888,2.2464,0.3054,15.9172,7.0000,2.7691,gray,Buy,24.0000,79.1667,195.0000,265.0000,163.0000,0.5496,0.9510,0.5140,0.7146,True,-0.1397,0.3525,-0.0393,0.7800,True,,False,
92,,VTRS,Viatris Inc.,Healthcare,Drug Manufacturers - Specialty & Generic,18970564608.0000,16.2900,217581891.6735,True,60.6076,61.1845,61.1845,45.0762,48.8636,41.6315,60.1634,58.3737,62.3843,55.5556,20.4755,55.7692,61.3567,6.8140,7.5590,,1.2747,0.1180,0.0231,,-0.0197,0.0016,-0.0080,0.0901,16.6795,6.6379,-7.3143,-63.4788,1.2841,1.3027,11.0958,5.0000,1.0238,danger,Hold,13.0000,30.7692,17.4000,22.0000,12.0000,9.9108,,0.4491,0.6848,True,-0.1897,0.3509,-0.0244,2.9500,True,,False,
93,,PWR,"Quanta Services, Inc.",Industrials,Engineering & Construction,110087118848.0000,733.6200,959119586.6733,True,59.3185,61.1756,61.1756,46.9699,48.6339,67.7361,61.9496,44.9251,48.7941,66.6667,87.9077,68.5714,34.4765,-9.3141,43.6760,101.0496,12.1714,0.0094,0.0471,,0.1303,0.0765,0.0433,0.0153,46.0951,0.3131,2.1240,98.4948,12.1488,3.6704,65.4489,6.0000,5.3723,safe,Buy,35.0000,74.2857,665.2900,900.0000,428.0000,1.2656,0.5290,0.5124,0.8609,True,-0.1166,0.4713,0.0121,0.0600,True,,False,
94,,IESC,"IES Holdings, Inc.",Industrials,Engineering & Construction,13831162880.0000,694.2000,144220252.2324,True,61.1191,61.1191,61.1191,50.6080,52.9666,69.5074,64.0116,45.5253,49.5491,55.5556,100.0000,50.0000,0.0000,-34.0248,28.5060,37.0043,12.8940,0.0197,0.1590,,0.4114,0.2730,0.1908,0.0230,28.5110,0.1187,1.1341,36.3577,12.8952,3.8070,43.4449,5.0000,12.1442,safe,Hold,1.0000,0.0000,458.0000,458.0000,458.0000,,0.5560,0.5855,1.4093,True,-0.2180,0.6865,-0.0041,0.0000,True,,False,
95,34.0000,MSGS,Madison Square Garden Sports Corp.,Communication Services,Entertainment,8819800064.0000,366.3300,86924581.8599,True,59.2005,60.9246,60.9246,20.2430,37.3690,51.1761,61.9317,44.6328,48.2757,33.3333,82.8260,67.2414,61.3149,6.7890,-454.6340,,-29.8533,0.0057,-0.0103,,0.0774,-0.0136,-0.0148,0.0062,-1567.5514,-168.2935,-2.5243,-396.3842,-29.9425,8.1735,161.5504,3.0000,3.2065,safe,Buy,29.0000,68.9655,391.2000,435.0000,295.0000,0.6108,,0.5118,0.6312,True,-0.1008,0.2402,0.0024,0.0000,True,,False,
96,35.0000,BWA,BorgWarner Inc.,Consumer Cyclical,Auto Parts,14528291840.0000,70.8300,231135022.5952,True,59.7873,60.9057,60.9057,52.4522,49.7182,74.1426,62.0994,51.2034,50.5388,88.8889,83.8206,61.1842,49.2235,-0.4659,8.3860,41.1802,2.6516,0.0697,0.0623,,0.0634,0.0891,0.0265,0.0998,8.0800,0.9618,572.6667,40.1696,2.6540,1.0136,10.0195,8.0000,3.4551,safe,Buy,38.0000,50.0000,70.5000,81.0000,51.0000,2.4087,0.5410,0.5177,0.8542,True,-0.2380,0.4005,-0.0663,0.9600,True,,False,
97,36.0000,ESI,Element Solutions Inc,Basic Materials,Specialty Chemicals,10453184512.0000,42.9100,143209464.3817,True,60.2595,60.8309,60.8309,42.0787,49.3059,61.9513,62.9426,46.1255,49.5274,55.5556,80.9925,55.7143,48.1356,-1.1186,23.1180,69.2097,3.8220,0.0022,0.0454,,0.0556,0.0711,0.0259,0.0116,27.6155,4.3965,1.3253,70.1796,3.8156,3.7366,86.4613,5.0000,2.7481,safe,Buy,35.0000,48.5714,42.4300,52.0000,36.0000,2.3124,-0.4300,0.5476,0.6824,True,-0.1785,0.5378,0.0045,0.7500,True,,False,
98,,AEIS,"Advanced Energy Industries, Inc.",Industrials,Electrical Equipment & Parts,13137098752.0000,328.3400,337729582.9672,True,58.7882,60.2465,60.2465,45.0252,50.2341,75.0336,60.9609,44.3984,50.0972,77.7778,97.0889,64.5833,67.3397,10.4038,42.2720,67.9793,9.0124,0.0037,0.0596,,0.1435,0.0910,0.0735,0.0055,46.3247,-0.0609,1.0350,64.9786,8.9414,6.5542,182.8258,7.0000,8.1267,safe,Buy,24.0000,62.5000,362.5000,430.0000,225.0000,1.4342,1.7040,0.4774,1.5150,True,-0.2216,0.6164,0.0560,0.1200,True,,False,
99,37.0000,NUE,Nucor Corporation,Basic Materials,Steel,56131309568.0000,246.4700,311472432.5327,True,58.7271,59.9771,59.9771,42.0681,49.2832,76.5675,60.7551,36.9604,50.6152,88.8889,91.5305,62.5000,38.5720,-6.8568,12.4890,24.4514,2.6877,-0.0068,0.0615,,0.1116,0.0859,0.0654,0.0095,12.4296,0.9976,1.4004,24.2029,2.6298,1.6432,105.5100,8.0000,5.3826,safe,Buy,32.0000,59.3750,229.5700,270.0000,180.0000,0.5659,3.7630,0.4701,1.0035,True,-0.1843,0.2966,-0.0121,0.9100,True,,False,
100,,ODFL,"Old Dominion Freight Line, Inc.",Industrials,Trucking,45638639616.0000,219.4500,412557354.9470,True,59.1145,59.6006,59.6006,50.3061,53.6327,77.1368,62.1947,47.3554,46.7938,77.7778,100.0000,54.8611,41.4483,-5.1310,26.5720,45.9100,10.3818,0.0189,0.1503,,0.2342,0.1981,0.1781,0.0223,26.5900,-0.1453,1.3970,45.3751,10.3885,8.3645,44.8410,7.0000,24.6457,safe,Hold,36.0000,30.5556,208.1900,240.0000,138.0000,0.2955,-0.0640,0.5211,0.0617,True,-0.2606,0.4170,-0.0947,0.5300,True,,False,
101,,CAT,Caterpillar Inc.,Industrials,Farm & Heavy Construction Machinery,419106455552.0000,909.9300,2333911416.4114,True,58.6341,59.4832,59.4832,48.2530,50.0955,75.8953,61.4482,46.6289,47.3779,88.8889,88.7016,58.4906,42.1972,-4.6817,31.5240,45.2476,22.4613,0.0090,0.0852,,0.4751,0.1244,0.0986,0.0273,29.9204,2.5466,1.3067,44.7671,22.5971,5.9239,36.6068,8.0000,5.6105,safe,Buy,53.0000,47.1698,867.3300,1165.0000,658.0000,0.4825,0.2730,0.4947,1.3326,True,-0.1388,0.4176,-0.0363,0.6600,True,,False,
102,,CSCO,"Cisco Systems, Inc.",Technology,Communication Equipment,471671472128.0000,119.6700,2893730458.9982,True,58.0536,59.3207,59.3207,50.5770,52.2266,67.5252,60.6634,48.7719,47.6144,77.7778,72.5714,62.6712,53.6629,2.1977,28.6960,39.8900,9.6789,0.0197,0.0734,,0.2514,0.1230,0.0952,0.0267,28.4341,1.3888,1.1581,39.5698,9.6841,7.7647,37.3868,7.0000,4.5543,gray,Buy,73.0000,52.0548,122.3000,137.0000,100.0000,0.5908,0.3540,0.4668,0.6363,True,-0.1357,0.3899,-0.0093,1.4000,True,,False,
103,,FFIV,"F5, Inc.",Technology,Software - Infrastructure,21899130880.0000,388.1500,262623145.7239,False,58.6747,58.6747,58.6747,51.7299,54.1446,54.1446,61.5747,46.5583,47.0744,50.0000,50.0000,50.0000,50.0000,0.0000,22.9400,31.8417,6.2406,0.0347,0.0815,,,,,,,,,,,,,,,unknown,,,,,,,0.4340,0.0150,0.4991,0.0703,True,-0.3473,0.3367,-0.0214,0.0000,True,,False,
104,,RMBS,Rambus Inc.,Technology,Semiconductors,16075641856.0000,148.6600,309706275.3588,False,58.5552,58.5552,58.5552,48.1266,54.9891,54.9891,61.3145,45.1988,47.5182,50.0000,50.0000,50.0000,50.0000,0.0000,50.6610,71.1292,11.5383,0.0155,0.1111,,,,,,,,,,,,,,,unknown,,,,,,,0.7395,-0.0070,0.4899,1.4159,True,-0.3669,0.9222,0.0064,0.0000,True,,False,
105,,DVA,DaVita Inc.,Healthcare,Medical Care Facilities,12510940160.0000,194.9200,204182121.4983,False,58.5229,58.5229,58.5229,47.7630,49.4867,49.4867,61.2579,50.3423,47.5832,50.0000,50.0000,50.0000,50.0000,0.0000,9.6220,18.7603,-17.0758,0.0799,0.0750,,,,,,,,,,,,,,,unknown,,,,,,,0.6537,0.2120,0.4879,0.1093,True,-0.3136,0.5444,-0.1649,0.0000,True,,False,
106,,AKAM,"Akamai Technologies, Inc.",Technology,Software - Infrastructure,20998021120.0000,144.4300,1030158210.0225,False,58.3848,58.3848,58.3848,51.2721,49.8385,49.8385,60.8689,46.3600,48.4484,50.0000,50.0000,50.0000,50.0000,0.0000,22.6120,48.7939,4.2825,0.0334,0.0339,,,,,,,,,,,,,,,unknown,,,,,,,1.4290,-0.1370,0.4741,0.5702,True,-0.2544,0.8242,-0.0050,0.0000,True,,False,
107,38.0000,CRCL,Circle Internet Group,Financial Services,Capital Markets,27434715136.0000,102.6400,2084811327.1761,False,58.3003,58.3003,58.3003,17.8073,36.3968,36.3968,57.2494,33.0347,62.5037,50.0000,50.0000,50.0000,50.0000,0.0000,-180.0250,,7.4167,-0.0052,-0.0013,,,,,,,,,,,,,,,unknown,,,,,,,10.6998,-0.1470,0.3459,,False,-0.8093,1.0262,0.2395,0.0000,True,,False,
108,39.0000,NE,Noble Corporation plc,Energy,Oil & Gas Drilling,7560882688.0000,47.3900,77993664.6547,False,58.2944,58.2944,58.2944,52.6625,49.9228,49.9228,60.9386,57.3486,47.7180,50.0000,50.0000,50.0000,50.0000,0.0000,8.8690,33.1399,1.6473,0.0564,0.0337,,,,,,,,,,,,,,,unknown,,,,,,,0.7995,0.1150,0.4766,0.7560,True,-0.1656,0.3785,0.0049,4.2200,True,,False,
109,,AXSM,"Axsome Therapeutics, Inc.",Healthcare,Biotechnology,12068344832.0000,234.5200,201820570.1005,False,58.2135,58.2135,58.2135,12.3761,36.7442,36.7442,59.9517,34.3826,51.2605,50.0000,50.0000,50.0000,50.0000,0.0000,-71.6550,,220.8286,-0.0003,-0.1684,,,,,,,,,,,,,,,unknown,,,,,,,2.5783,,0.4416,0.9714,True,-0.1850,0.4372,0.0553,0.0000,True,,False,
110,40.0000,SLB,SLB N.V.,Energy,Oil & Gas Equipment & Services,84470759424.0000,56.5000,659291801.3908,False,58.1867,58.1867,58.1867,52.5805,49.5735,49.5735,60.9645,50.5444,47.0754,50.0000,50.0000,50.0000,50.0000,0.0000,12.4930,24.8899,3.0881,0.0360,0.0647,,,,,,,,,,,,,,,unknown,,,,,,,0.4764,-0.0560,0.4775,0.4320,True,-0.1430,0.3665,0.0994,2.0900,True,,False,
111,41.0000,IRM,Iron Mountain Incorporated,Real Estate,REIT - Specialty,37788610560.0000,127.0100,209246705.8687,False,58.1449,58.1449,58.1449,32.1192,49.0082,49.0082,58.5614,40.9546,56.4789,50.0000,50.0000,50.0000,50.0000,0.0000,23.5110,139.5714,-31.0994,-0.0132,0.0456,,,,,,,,,,,,,,,unknown,,,,,,,1.9381,8.0060,0.3924,0.0669,True,-0.2515,0.3503,0.0087,2.7200,True,,False,
112,42.0000,STLD,"Steel Dynamics, Inc.",Basic Materials,Steel,37238624256.0000,258.2200,234772422.6073,False,58.1393,58.1393,58.1393,41.7268,49.1897,49.1897,60.5693,36.9450,48.4194,50.0000,50.0000,50.0000,50.0000,0.0000,17.6410,27.7060,4.1784,-0.0009,0.0666,,,,,,,,,,,,,,,unknown,,,,,,,0.8253,0.8580,0.4635,0.7488,True,-0.2033,0.3739,-0.0382,0.8200,True,,False,
113,,FTNT,"Fortinet, Inc.",Technology,Software - Infrastructure,93727711232.0000,127.9300,716417390.7320,False,57.8841,57.8841,57.8841,44.8800,55.5485,55.5485,60.5783,45.8215,47.1073,50.0000,50.0000,50.0000,50.0000,0.0000,38.5360,49.5853,94.9036,0.0193,0.1359,,,,,,,,,,,,,,,unknown,,,,,,,0.3276,0.2330,0.4638,-0.0626,True,-0.3090,0.5367,-0.0472,0.0000,True,,False,
114,,JBHT,"J.B. Hunt Transport Services, Inc.",Industrials,Integrated Freight & Logistics,25542823936.0000,270.8700,239295030.6556,False,57.8742,57.8742,57.8742,51.5548,50.0652,50.0652,60.5421,48.1433,47.2027,50.0000,50.0000,50.0000,50.0000,0.0000,16.8550,41.9954,7.1063,0.0325,0.0690,,,,,,,,,,,,,,,unknown,,,,,,,0.4087,0.2020,0.4625,0.6694,True,-0.1587,0.3693,-0.0494,0.6600,True,,False,
115,,TKR,The Timken Company,Industrials,Tools & Accessories,8836922368.0000,127.1600,140154784.2614,False,57.8452,57.8452,57.8452,52.4899,49.5301,49.5301,60.4042,49.2811,47.6094,50.0000,50.0000,50.0000,50.0000,0.0000,13.3390,28.9000,2.7547,0.0383,0.0539,,,,,,,,,,,,,,,unknown,,,,,,,0.6463,0.2540,0.4577,0.5394,True,-0.1340,0.4298,-0.0097,1.1300,True,,False,
116,43.0000,FCX,Freeport-McMoRan Inc.,Basic Materials,Copper,91471929344.0000,63.6300,828805526.4309,False,57.7341,57.7341,57.7341,51.6050,51.3811,51.3811,59.8632,47.3936,49.2179,50.0000,50.0000,50.0000,50.0000,0.0000,11.2590,33.6667,4.6880,0.0187,0.0777,,,,,,,,,,,,,,,unknown,,,,,,,0.9727,1.5030,0.4385,0.3398,True,-0.2490,0.5651,0.0268,0.9400,True,,False,
117,44.0000,HAL,Halliburton Company,Energy,Oil & Gas Equipment & Services,33081749504.0000,39.6000,435971059.8815,False,57.6283,57.6283,57.6283,53.0134,49.4940,49.4940,59.9248,52.2064,48.4421,50.0000,50.0000,50.0000,50.0000,0.0000,9.5090,21.8785,3.0674,0.0613,0.0737,,,,,,,,,,,,,,,unknown,,,,,,,0.6041,1.2600,0.4407,0.7533,True,-0.1310,0.3304,-0.0351,1.7200,True,,False,
118,,TRGP,Targa Resources Corp.,Energy,Oil & Gas Midstream,56590864384.0000,263.6500,321991990.6850,False,57.3795,57.3795,57.3795,40.7114,50.7813,50.7813,59.8674,38.6199,47.4280,50.0000,50.0000,50.0000,50.0000,0.0000,14.5200,26.9581,18.4474,-0.0056,0.0913,,,,,,,,,,,,,,,unknown,,,,,,,0.2217,0.7730,0.4386,0.3862,True,-0.1630,0.2715,-0.0198,1.6100,True,,False,
119,,TWLO,Twilio Inc.,Technology,Software - Infrastructure,27557580800.0000,181.5700,593286601.1857,False,57.3207,57.3207,57.3207,43.2492,50.6439,50.6439,55.7978,46.2776,63.4123,50.0000,50.0000,50.0000,50.0000,0.0000,59.7540,279.3385,3.5480,0.0319,0.0167,,,,,,,,,,,,,,,unknown,,,,,,,9.1542,3.5030,0.2945,0.2685,True,-0.3034,0.6521,-0.0056,0.0000,True,,False,
120,,LYB,LyondellBasell Industries N.V.,Basic Materials,Specialty Chemicals,21842843648.0000,67.6700,412070916.0136,False,57.1975,57.1975,57.1975,44.6130,45.7629,45.7629,58.2342,60.9901,53.0506,50.0000,50.0000,50.0000,50.0000,0.0000,15.1580,,2.1618,0.0452,0.0174,,,,,,,,,,,,,,,unknown,,,,,,,4.5567,-0.2970,0.3808,-0.0086,True,-0.3545,0.5530,-0.0002,6.0900,True,,False,
121,,DOW,Dow Inc.,Basic Materials,Chemicals,24858374144.0000,34.4900,427846965.1378,False,57.1487,57.1487,57.1487,33.9407,44.6937,44.6937,59.0166,43.9441,49.6774,50.0000,50.0000,50.0000,50.0000,0.0000,15.7750,,1.6302,-0.0272,-0.0014,,,,,,,,,,,,,,,unknown,,,,,,,1.5348,,0.4085,-0.0107,True,-0.3202,0.5068,0.0196,4.0600,True,,False,
122,,FTAI,FTAI Aviation Ltd.,Industrials,Aerospace & Defense,25679597568.0000,250.3300,364808933.1566,False,57.0609,57.0609,57.0609,36.4902,50.8201,50.8201,59.1571,36.1594,48.6765,50.0000,50.0000,50.0000,50.0000,0.0000,28.1800,49.7674,59.5032,-0.0125,0.1134,,,,,,,,,,,,,,,unknown,,,,,,,1.2950,0.3470,0.4135,0.8199,True,-0.3115,0.8007,0.0003,0.6000,True,,False,
123,,APA,APA Corporation,Energy,Oil & Gas E&P,12944079872.0000,36.6200,263867293.2630,False,56.9669,56.9669,56.9669,53.8450,53.9381,53.9381,59.5503,58.6224,46.6333,50.0000,50.0000,50.0000,50.0000,0.0000,3.4790,8.5361,2.0048,0.1307,0.0961,,,,,,,,,,,,,,,unknown,,,,,,,-0.0154,0.2850,0.4274,0.9196,True,-0.1949,0.5122,-0.0227,2.7300,True,,False,
124,,FANG,"Diamondback Energy, Inc.",Energy,Oil & Gas E&P,54248456192.0000,192.8400,451702417.8630,False,56.8896,56.8896,56.8896,46.4602,54.5067,54.5067,53.3760,51.4043,70.9442,50.0000,50.0000,50.0000,50.0000,0.0000,7.3050,196.7755,1.4874,0.0258,-0.0012,,,,,,,,,,,,,,,unknown,,,,,,,16.7542,-0.9820,0.2087,0.1547,True,-0.1253,0.3153,-0.0434,2.2800,True,,False,
125,,XPO,"XPO, Inc.",Industrials,Trucking,25001281536.0000,212.9400,287933574.0072,False,56.7696,56.7696,56.7696,48.9203,48.9524,48.9524,58.8618,45.6262,48.4010,50.0000,50.0000,50.0000,50.0000,0.0000,22.2830,72.9247,13.3824,0.0129,0.0596,,,,,,,,,,,,,,,unknown,,,,,,,1.0447,0.4640,0.4030,0.5082,True,-0.1563,0.4380,-0.0734,0.0000,True,,False,
126,,ALB,Albemarle Corporation,Basic Materials,Specialty Chemicals,20929861632.0000,177.4700,398079797.3236,False,56.7282,56.7282,56.7282,44.1459,48.1662,48.1662,56.1380,48.4433,59.0893,50.0000,50.0000,50.0000,50.0000,0.0000,22.8000,,2.7473,0.0342,0.0160,,,,,,,,,,,,,,,unknown,,,,,,,4.4162,6.7170,0.3065,1.7877,True,-0.2162,0.6213,0.0024,0.9100,True,,False,
127,,TPL,Texas Pacific Land Corporation,Energy,Oil & Gas E&P,28009826304.0000,406.0900,157471258.0093,False,56.7066,56.7066,56.7066,38.1509,59.4841,59.4841,55.8272,21.4988,60.2242,50.0000,50.0000,50.0000,50.0000,0.0000,40.2470,55.5527,18.0020,-0.0020,0.2519,,,,,,,,,,,,,,,unknown,,,,,,,9.0027,0.1840,0.2955,-0.2983,True,-0.3367,0.5046,2.0009,0.5900,True,,False,
128,,DY,"Dycom Industries, Inc.",Industrials,Engineering & Construction,15883742208.0000,529.1300,216262582.2884,False,56.5949,56.5949,56.5949,40.4664,48.8141,48.8141,58.7901,34.5101,47.8142,50.0000,50.0000,50.0000,50.0000,0.0000,23.4620,50.4895,8.5297,,0.0676,,,,,,,,,,,,,,,unknown,,,,,,,0.6397,0.4950,0.4005,1.0391,True,-0.2443,0.7065,0.0378,0.0000,True,,False,
129,,FDX,FedEx Corporation,Industrials,Integrated Freight & Logistics,98253488128.0000,411.7800,616700723.5277,False,56.3747,56.3747,56.3747,51.0662,48.8811,48.8811,58.7569,48.1172,46.8460,50.0000,50.0000,50.0000,50.0000,0.0000,11.4240,21.9733,3.3021,0.0091,0.0503,,,,,,,,,,,,,,,unknown,,,,,,,0.1971,0.1620,0.3993,0.6314,True,-0.1167,0.3529,-0.0041,1.4100,True,,False,
130,,CF,"CF Industries Holdings, Inc.",Basic Materials,Agricultural Inputs,17873229824.0000,116.3400,380717418.0293,False,56.3242,56.3242,56.3242,53.4045,52.2748,52.2748,58.5997,52.3783,47.2220,50.0000,50.0000,50.0000,50.0000,0.0000,6.5070,10.4811,3.3454,0.0602,0.1134,,,,,,,,,,,,,,,unknown,,,,,,,-0.0304,0.9710,0.3937,0.0141,True,-0.2487,0.6401,-0.0672,1.7200,True,,False,
131,,MOG-A,Moog Inc.,Industrials,Aerospace & Defense,10872819712.0000,343.1800,78819936.8233,False,56.2715,56.2715,56.2715,51.3186,49.5877,49.5877,58.5143,46.3207,47.3003,50.0000,50.0000,50.0000,50.0000,0.0000,21.1960,38.7774,5.1717,0.0204,0.0620,,,,,,,,,,,,,,,unknown,,,,,,,0.2986,0.4990,0.3907,0.5630,True,-0.1882,0.3837,0.0025,0.3500,True,,False,
132,,NXT,Nextpower Inc.,Technology,Solar,20663447552.0000,135.7800,323710392.5442,False,56.1949,56.1949,56.1949,50.5924,51.8162,51.8162,58.4822,45.0824,47.0456,50.0000,50.0000,50.0000,50.0000,0.0000,26.1600,35.3594,9.3712,0.0151,0.1217,,,,,,,,,,,,,,,unknown,,,,,,,0.4468,-0.0390,0.3896,1.1458,True,-0.2327,0.6865,0.0186,0.0000,True,,False,
133,45.0000,FCFS,"FirstCash Holdings, Inc.",Financial Services,Credit Services,10140303360.0000,231.3200,75390555.2426,False,56.1620,56.1620,56.1620,51.7020,51.4313,51.4313,58.3268,47.2662,47.5030,50.0000,50.0000,50.0000,50.0000,0.0000,17.2620,28.9875,4.4125,0.0188,0.0783,,,,,,,,,,,,,,,unknown,,,,,,,0.5562,0.2880,0.3841,0.5421,True,-0.1275,0.2778,-0.0206,0.7300,True,,False,
134,46.0000,TGT,Target Corporation,Consumer Defensive,Discount Stores,58284552192.0000,128.3300,754101643.8736,False,56.1609,56.1609,56.1609,53.0927,49.4124,49.4124,58.5887,55.3411,46.4496,50.0000,50.0000,50.0000,50.0000,0.0000,9.5290,16.9524,3.5950,0.0476,0.0504,,,,,,,,,,,,,,,unknown,,,,,,,0.1756,-0.2460,0.3933,0.0970,True,-0.2027,0.3168,-0.0031,3.5500,True,,False,
135,,AAON,"AAON, Inc.",Industrials,Building Products & Equipment,11429959680.0000,139.5400,184943000.9969,False,56.0345,56.0345,56.0345,37.8641,49.8813,49.8813,57.8625,35.3977,48.7225,50.0000,50.0000,50.0000,50.0000,0.0000,47.2940,98.2676,12.2264,-0.0188,0.0687,,,,,,,,,,,,,,,unknown,,,,,,,1.3183,0.3590,0.3676,0.1151,True,-0.3075,0.8635,0.0073,0.2900,True,,False,
136,,CNC,Centene Corporation,Healthcare,Healthcare Plans,29045139456.0000,58.8200,351683543.6675,False,55.9500,55.9500,55.9500,45.2319,46.0419,46.0419,57.7891,59.0468,48.5935,50.0000,50.0000,50.0000,50.0000,0.0000,7.4960,,1.3555,0.2358,0.0122,,,,,,,,,,,,,,,unknown,,,,,,,1.3414,0.1750,0.3650,-0.2637,True,-0.5627,0.5987,-0.0674,0.0000,True,,False,
137,,SCCO,Southern Copper Corporation,Basic Materials,Copper,156644655104.0000,187.7500,233125218.4382,False,55.9402,55.9402,55.9402,51.0081,57.0147,57.0147,58.1334,50.6015,47.1678,50.0000,50.0000,50.0000,50.0000,0.0000,17.9400,31.7682,13.2892,0.0272,0.2381,,,,,,,,,,,,,,,unknown,,,,,,,0.1125,0.6670,0.3772,0.8573,True,-0.3022,0.5637,0.0310,2.1300,True,,False,
138,,CRDO,Credo Technology Group Holding Ltd,Technology,Semiconductors,40805859328.0000,221.2300,1190569366.6530,False,55.8199,55.8199,55.8199,40.1970,55.1564,55.1564,56.4279,43.9308,53.3877,50.0000,50.0000,50.0000,50.0000,0.0000,112.8320,122.2265,22.0436,0.0042,0.1468,,,,,,,,,,,,,,,unknown,,,,,,,2.0474,4.3520,0.3168,2.1917,True,-0.5359,1.0544,0.0863,0.0000,True,,False,
139,,BEN,"Franklin Resources, Inc.",Financial Services,Asset Management,16456908800.0000,31.6700,145282195.6391,False,55.5853,55.5853,55.5853,42.1881,49.4691,49.4691,57.2309,44.4200,49.0030,50.0000,50.0000,50.0000,50.0000,0.0000,11.0850,24.1756,1.3574,-0.0147,0.0260,,,,,,,,,,,,,,,unknown,,,,,,,1.2611,0.7710,0.3452,0.2235,True,-0.1921,0.3387,-0.0110,4.1700,True,,False,
140,,DDOG,"Datadog, Inc.",Technology,Software - Application,78955528192.0000,221.8100,1290747988.4198,False,55.5826,55.5826,55.5826,25.9160,41.3228,41.3228,55.3056,44.7987,56.6906,50.0000,50.0000,50.0000,50.0000,0.0000,2179.1030,554.5250,19.7903,0.0119,-0.0022,,,,,,,,,,,,,,,unknown,,,,,,,6.1154,1.1340,0.2770,0.6021,True,-0.4862,0.7924,0.0308,0.0000,True,,False,
141,,CRWV,"CoreWeave, Inc.",Technology,Software - Infrastructure,56886620160.0000,104.2700,3279335163.3151,False,55.4719,55.4719,55.4719,32.4419,46.5665,46.5665,57.2108,33.5266,48.5164,50.0000,50.0000,50.0000,50.0000,0.0000,29.6850,,11.6568,-0.1505,-0.0022,,,,,,,,,,,,,,,unknown,,,,,,,0.7695,,0.3445,-0.4430,True,-0.6484,0.8332,0.1722,0.0000,True,,False,
142,,OVV,Ovintiv Inc.,Energy,Oil & Gas E&P,15635873792.0000,55.6400,248273958.6336,False,55.2979,55.2979,55.2979,53.2850,51.8961,51.8961,56.6892,52.0577,49.7327,50.0000,50.0000,50.0000,50.0000,0.0000,5.3320,18.3026,1.3609,0.0560,0.0647,,,,,,,,,,,,,,,unknown,,,,,,,1.5713,,0.3260,0.2817,True,-0.1668,0.3649,0.0795,2.1600,True,,False,
143,,WFRD,Weatherford International plc,Energy,Oil & Gas Equipment & Services,7635593216.0000,106.1600,119118983.8808,False,55.2245,55.2245,55.2245,53.1185,50.8167,50.8167,57.2704,50.3255,47.0408,50.0000,50.0000,50.0000,50.0000,0.0000,8.3890,16.6135,4.3417,0.0586,0.0874,,,,,,,,,,,,,,,unknown,,,,,,,0.1734,0.4210,0.3466,1.0725,True,-0.2034,0.4192,-0.0126,1.0400,True,,False,
144,,CRUS,"Cirrus Logic, Inc.",Technology,Semiconductors,8780684288.0000,173.5900,111231426.5632,False,55.1696,55.1696,55.1696,52.6963,53.5275,53.5275,57.2541,48.1401,46.8314,50.0000,50.0000,50.0000,50.0000,0.0000,15.6570,22.1134,4.1273,0.0576,0.1195,,,,,,,,,,,,,,,unknown,,,,,,,0.1957,0.1480,0.3461,0.4147,True,-0.1594,0.3834,-0.0482,0.0000,True,,False,
145,,OXY,Occidental Petroleum Corporation,Energy,Oil & Gas E&P,56584765440.0000,56.8900,722629159.0491,False,55.1082,55.1082,55.1082,51.1018,52.9364,52.9364,55.1149,51.6421,55.0813,50.0000,50.0000,50.0000,50.0000,0.0000,7.2320,76.8784,1.8401,0.0536,0.0250,,,,,,,,,,,,,,,unknown,,,,,,,4.2084,2.5740,0.2703,0.1125,True,-0.1994,0.4055,0.0132,1.8300,True,,False,
146,,R,"Ryder System, Inc.",Industrials,Rental & Leasing Services,9649152000.0000,249.3900,94634604.5442,False,55.0882,55.0882,55.0882,53.1793,48.7787,48.7787,57.0996,52.7197,47.0424,50.0000,50.0000,50.0000,50.0000,0.0000,6.5340,20.6963,3.2209,0.0750,0.0390,,,,,,,,,,,,,,,unknown,,,,,,,0.4517,-0.0510,0.3406,0.3835,True,-0.1752,0.4084,-0.0731,1.4600,True,,False,
147,,VIRT,"Virtu Financial, Inc.",Financial Services,Capital Markets,10737387520.0000,49.9000,70240403.2658,False,55.0413,55.0413,55.0413,14.1849,41.0497,41.0497,57.0277,42.3890,47.0960,50.0000,50.0000,50.0000,50.0000,0.0000,,8.2616,2.6780,,0.0501,,,,,,,,,,,,,,,unknown,,,,,,,-0.0300,0.8290,0.3380,-0.0460,True,-0.2783,0.3507,-0.4379,1.9200,True,,False,
148,,CIFR,Cipher Digital Inc.,Technology,Information Technology Services,10291677184.0000,25.1600,558165899.4139,False,55.0301,55.0301,55.0301,29.0760,36.2177,36.2177,56.4615,34.0396,49.3042,50.0000,50.0000,50.0000,50.0000,0.0000,86.5330,,14.2792,-0.2865,-0.0016,,,,,,,,,,,,,,,unknown,,,,,,,1.2888,,0.3180,5.7636,True,-0.5138,1.0055,0.1021,0.0000,True,,False,
149,,QCOM,QUALCOMM Incorporated,Technology,Semiconductors,246003597312.0000,233.4000,6442201087.3235,False,55.0023,55.0023,55.0023,51.9328,53.4541,53.4541,56.7360,50.5753,48.0673,50.0000,50.0000,50.0000,50.0000,0.0000,19.3460,25.1238,9.0613,0.0390,0.1269,,,,,,,,,,,,,,,unknown,,,,,,,0.1449,1.6210,0.3277,0.3231,True,-0.3313,0.6922,-0.0401,1.5800,True,,False,
150,47.0000,SIRI,Sirius XM Holdings Inc.,Communication Services,Entertainment,9987513344.0000,29.6700,128922995.8684,False,54.8414,54.8414,54.8414,53.6371,49.7680,49.7680,56.7432,58.8485,47.2342,50.0000,50.0000,50.0000,50.0000,0.0000,8.0180,12.5720,0.8595,0.1002,0.0441,,,,,,,,,,,,,,,unknown,,,,,,,0.4301,0.2010,0.3280,0.1143,True,-0.1744,0.3542,-0.0202,3.6400,True,,False,
151,48.0000,EQIX,"Equinix, Inc.",Real Estate,REIT - Specialty,105549643776.0000,1070.2200,611070951.8292,False,54.7980,54.7980,54.7980,49.5675,49.2490,49.2490,56.7248,50.0220,47.0909,50.0000,50.0000,50.0000,50.0000,0.0000,29.7860,74.0637,7.3820,0.0258,0.0350,,,,,,,,,,,,,,,unknown,,,,,,,0.3303,0.2100,0.3273,-0.0357,True,-0.1963,0.1731,0.0082,1.8400,True,,False,
152,,WLK,Westlake Corporation,Basic Materials,Specialty Chemicals,11250475008.0000,87.8100,119668064.1553,False,54.4929,54.4929,54.4929,33.8177,43.8154,43.8154,55.7846,40.4013,49.3261,50.0000,50.0000,50.0000,50.0000,0.0000,22.1790,,1.2775,-0.0020,-0.0095,,,,,,,,,,,,,,,unknown,,,,,,,1.3032,,0.2940,-0.0442,True,-0.3777,0.4327,-0.0128,2.4100,True,,False,
153,,CRS,Carpenter Technology Corporation,Industrials,Metal Fabrication,22900594688.0000,460.9100,275930096.4038,False,54.4766,54.4766,54.4766,49.6343,51.7478,51.7478,56.2664,45.5284,47.3175,50.0000,50.0000,50.0000,50.0000,0.0000,30.4280,48.5680,11.0758,0.0131,0.1133,,,,,,,,,,,,,,,unknown,,,,,,,0.3311,0.4630,0.3111,0.6548,True,-0.1908,0.5174,-0.0053,0.1700,True,,False,
154,,ARMK,Aramark,Industrials,Specialty Business Services,14031202304.0000,53.3600,170694334.7981,False,54.4577,54.4577,54.4577,51.6860,47.6303,47.6303,55.9462,47.8371,48.5033,50.0000,50.0000,50.0000,50.0000,0.0000,14.2680,39.8209,4.2750,0.0233,0.0412,,,,,,,,,,,,,,,unknown,,,,,,,1.0040,0.6480,0.2997,0.0766,True,-0.1815,0.3107,-0.0081,0.9000,True,,False,
155,,RRX,Regal Rexnord Corporation,Industrials,Specialty Industrial Machinery,13713996800.0000,206.0100,252882752.6215,False,54.4458,54.4458,54.4458,51.9934,48.9632,48.9632,55.6187,49.3072,49.7544,50.0000,50.0000,50.0000,50.0000,0.0000,15.1500,47.7981,1.9987,0.0574,0.0315,,,,,,,,,,,,,,,unknown,,,,,,,2.1378,0.1220,0.2881,0.2057,True,-0.2172,0.5974,0.0036,0.6800,True,,False,
156,49.0000,GSAT,"Globalstar, Inc.",Communication Services,Telecom Services,10856906752.0000,84.3000,103659901.0056,False,54.3966,54.3966,54.3966,28.6125,49.2805,49.2805,55.0048,34.6593,51.9639,50.0000,50.0000,50.0000,50.0000,0.0000,101.0870,,31.6204,-0.0261,0.0078,,,,,,,,,,,,,,,unknown,,,,,,,3.0420,,0.2664,3.1250,True,-0.2653,0.5846,0.0174,0.0000,True,,False,
157,,WCC,"WESCO International, Inc.",Industrials,Industrial Distribution,17951162368.0000,368.5700,244217572.4084,False,54.2872,54.2872,54.2872,51.0181,48.0917,48.0917,56.0629,46.1607,47.1845,50.0000,50.0000,50.0000,50.0000,0.0000,15.7390,26.2514,3.5643,0.0100,0.0513,,,,,,,,,,,,,,,unknown,,,,,,,0.3398,0.2990,0.3039,0.9156,True,-0.2054,0.5077,-0.0020,0.5400,True,,False,
158,,KRYS,"Krystal Biotech, Inc.",Healthcare,Biotechnology,9039377408.0000,306.6300,91509015.9186,False,54.1403,54.1403,54.1403,49.6368,55.1986,55.1986,55.8170,45.0789,47.4336,50.0000,50.0000,50.0000,50.0000,0.0000,45.5760,40.9933,7.0698,0.0152,0.0904,,,,,,,,,,,,,,,unknown,,,,,,,0.3476,0.5650,0.2951,1.1409,True,-0.1594,0.3547,0.0201,0.0000,True,,False,
159,50.0000,ROKU,"Roku, Inc.",Communication Services,Entertainment,19482281984.0000,131.9100,329759918.5356,False,54.0961,54.0961,54.0961,48.9763,49.9774,49.9774,55.1691,46.3181,49.8041,50.0000,50.0000,50.0000,50.0000,0.0000,45.5880,97.7111,7.2882,0.0347,0.0157,,,,,,,,,,,,,,,unknown,,,,,,,1.6183,,0.2722,0.5485,True,-0.2769,0.4283,0.0120,0.0000,True,,False,
160,,EME,"EMCOR Group, Inc.",Industrials,Engineering & Construction,38086926336.0000,855.2600,325463493.9236,False,54.0214,54.0214,54.0214,51.5143,51.4458,51.4458,55.8322,46.1507,46.7784,50.0000,50.0000,50.0000,50.0000,0.0000,20.3200,28.7386,9.8299,0.0234,0.1175,,,,,,,,,,,,,,,unknown,,,,,,,0.0897,0.2690,0.2957,0.5177,True,-0.2515,0.3603,-0.0117,0.1500,True,,False,
161,,VLO,Valero Energy Corporation,Energy,Oil & Gas Refining & Marketing,71364820992.0000,240.3400,768113378.5381,False,53.8624,53.8624,53.8624,53.2535,49.4543,49.4543,55.3167,53.3220,48.0453,50.0000,50.0000,50.0000,50.0000,0.0000,8.7130,17.5431,3.0283,0.0671,0.0649,,,,,,,,,,,,,,,unknown,,,,,,,0.4589,,0.2774,0.6017,True,-0.1419,0.4254,-0.0520,2.0000,True,,False,
162,,CRWD,"CrowdStrike Holdings, Inc.",Technology,Software - Infrastructure,164267687936.0000,645.3600,1750734004.3993,False,53.8441,53.8441,53.8441,23.8653,39.8274,39.8274,51.4813,44.7005,63.2953,50.0000,50.0000,50.0000,50.0000,0.0000,-3413.9070,,36.9241,0.0098,-0.0157,,,,,,,,,,,,,,,unknown,,,,,,,10.5113,,0.1415,0.0826,True,-0.3718,0.4852,0.0269,0.0000,True,,False,
163,,PR,Permian Resources Corporation,Energy,Oil & Gas E&P,16653493248.0000,19.3300,269459160.2810,False,53.8157,53.8157,53.8157,42.3238,53.0832,53.0832,55.3419,41.8861,47.7107,50.0000,50.0000,50.0000,50.0000,0.0000,5.5340,21.7191,1.4285,-0.0079,0.0525,,,,,,,,,,,,,,,unknown,,,,,,,1.3723,-0.8680,0.2783,0.2850,True,-0.1726,0.3473,0.0348,3.2100,True,,False,
164,,RPRX,Royalty Pharma plc,Healthcare,Biotechnology,31077664768.0000,53.9700,185025446.6166,False,53.7763,53.7763,53.7763,25.8806,44.3813,44.3813,54.8269,40.4424,49.5739,50.0000,50.0000,50.0000,50.0000,0.0000,,28.4053,3.5720,-0.0315,0.0554,,,,,,,,,,,,,,,unknown,,,,,,,1.9547,0.2310,0.2601,0.4023,True,-0.0738,0.2102,-0.2282,1.7400,True,,False,
165,,ESE,ESCO Technologies Inc.,Technology,Scientific & Technical Instruments,7843396096.0000,302.7500,88494291.0318,False,53.7496,53.7496,53.7496,50.8629,51.1250,51.1250,55.2557,47.0022,47.7253,50.0000,50.0000,50.0000,50.0000,0.0000,26.7700,59.4794,4.9472,0.0409,0.0578,,,,,,,,,,,,,,,unknown,,,,,,,0.8020,0.1190,0.2753,0.3760,True,-0.1458,0.3969,0.0035,0.1100,True,,False,
166,,CASY,"Casey's General Stores, Inc.",Consumer Cyclical,Specialty Retail,29074561024.0000,784.3800,367357433.5419,False,53.5337,53.5337,53.5337,50.6738,49.9198,49.9198,55.1459,45.8671,47.0853,50.0000,50.0000,50.0000,50.0000,0.0000,22.6140,45.0534,7.5298,0.0161,0.0713,,,,,,,,,,,,,,,unknown,,,,,,,0.1604,0.4930,0.2714,0.4755,True,-0.1170,0.2953,0.0105,0.2900,True,,False,
167,,TSN,"Tyson Foods, Inc.",Consumer Defensive,Farm Products,23247583232.0000,66.0200,194868968.3249,False,53.5302,53.5302,53.5302,51.9622,47.6177,47.6177,49.0945,54.1440,71.2730,50.0000,50.0000,50.0000,50.0000,0.0000,11.4150,51.9843,1.2845,0.0443,0.0247,,,,,,,,,,,,,,,unknown,,,,,,,2.5865,36.1430,0.0570,-0.0595,True,-0.1129,0.2671,-0.0114,3.0900,True,,False,
168,,STT,State Street Corporation,Financial Services,Asset Management,43707052032.0000,157.9200,283695258.7366,False,53.2271,53.2271,53.2271,13.9740,35.8994,35.8994,54.8333,39.9835,46.8020,50.0000,50.0000,50.0000,50.0000,0.0000,,16.0325,1.8150,,0.0080,,,,,,,,,,,,,,,unknown,,,,,,,0.4025,-0.2370,0.2603,0.3822,True,-0.1179,0.2492,-0.0433,2.1300,True,,False,
169,,MUSA,Murphy USA Inc.,Consumer Cyclical,Specialty Retail,9532350464.0000,516.0800,185223987.4417,False,53.1908,53.1908,53.1908,52.1883,49.9786,49.9786,54.5322,48.4209,47.8250,50.0000,50.0000,50.0000,50.0000,0.0000,10.6410,17.9506,14.4714,0.0409,0.1142,,,,,,,,,,,,,,,unknown,,,,,,,0.0199,1.5620,0.2496,-0.0819,True,-0.1972,0.4467,-0.0769,0.4700,True,,False,
170,,LUMN,"Lumen Technologies, Inc.",Communication Services,Telecom Services,11199480832.0000,10.8700,141406044.6943,False,53.1454,53.1454,53.1454,28.5042,47.5796,47.5796,54.2790,34.7496,48.6110,50.0000,50.0000,50.0000,50.0000,0.0000,9.8590,,-9.9816,-0.1750,-0.0075,,,,,,,,,,,,,,,unknown,,,,,,,0.8318,,0.2407,1.4199,True,-0.4734,0.6696,0.0051,0.0000,True,,False,
171,,PAA,"Plains All American Pipeline, L.P.",Energy,Oil & Gas Midstream,16206062592.0000,22.9700,74835380.9278,False,53.1156,53.1156,53.1156,53.1054,46.7838,46.7838,54.6785,64.3170,46.8641,50.0000,50.0000,50.0000,50.0000,0.0000,13.9150,20.6937,2.0774,0.0683,0.0298,,,,,,,,,,,,,,,unknown,,,,,,,0.6902,-0.6570,0.2548,0.1944,True,-0.1453,0.2272,0.0025,6.9400,True,,False,
172,,RS,"Reliance, Inc.",Basic Materials,Steel,19316250624.0000,378.3900,106329793.2260,False,52.9690,52.9690,52.9690,52.2407,50.2176,50.2176,54.4010,48.9035,47.2413,50.0000,50.0000,50.0000,50.0000,0.0000,14.8640,24.6991,2.7119,0.0218,0.0674,,,,,,,,,,,,,,,unknown,,,,,,,0.3613,0.3260,0.2450,-0.0033,True,-0.2230,0.2502,-0.0348,1.3200,True,,False,
173,,ADM,Archer-Daniels-Midland Company,Consumer Defensive,Farm Products,38339641344.0000,79.5500,333504786.9448,False,52.9391,52.9391,52.9391,52.3121,46.9992,46.9992,54.0713,52.7466,48.4105,50.0000,50.0000,50.0000,50.0000,0.0000,19.1700,35.5134,1.6814,0.0412,0.0167,,,,,,,,,,,,,,,unknown,,,,,,,1.3177,0.0100,0.2333,0.4033,True,-0.1279,0.2972,0.0037,2.6100,True,,False,
174,,CSX,CSX Corporation,Industrials,Railroads,87592665088.0000,47.1400,533151648.8160,False,52.8795,52.8795,52.8795,50.9367,50.8250,50.8250,54.3192,47.8920,47.1206,50.0000,50.0000,50.0000,50.0000,0.0000,15.9880,28.9202,6.4513,0.0129,0.0708,,,,,,,,,,,,,,,unknown,,,,,,,0.3270,0.2490,0.2421,0.2386,True,-0.1189,0.2686,-0.0109,1.1900,True,,False,
175,,CMI,Cummins Inc.,Industrials,Specialty Industrial Machinery,92156002304.0000,667.8500,660592304.0942,False,52.8767,52.8767,52.8767,51.2186,50.1501,50.1501,54.2619,48.1502,47.3360,50.0000,50.0000,50.0000,50.0000,0.0000,19.6310,34.7296,7.4614,0.0183,0.0727,,,,,,,,,,,,,,,unknown,,,,,,,0.7363,-0.2060,0.2401,0.7957,True,-0.1523,0.4073,0.0018,1.2000,True,,False,
176,,HST,"Host Hotels & Resorts, Inc.",Real Estate,REIT - Hotel & Motel,16289632256.0000,23.4800,183927610.4597,False,52.8104,52.8104,52.8104,53.2149,48.8325,48.8325,54.3125,56.7214,46.8017,50.0000,50.0000,50.0000,50.0000,0.0000,12.1090,15.9728,2.3555,0.0731,0.0421,,,,,,,,,,,,,,,unknown,,,,,,,-0.3197,0.9920,0.2418,0.3183,True,-0.0948,0.2526,-0.0253,3.4100,True,,False,
177,,CBOE,"Cboe Global Markets, Inc.",Financial Services,Financial Data & Stock Exchanges,36387074048.0000,347.6900,334637501.6580,False,52.7782,52.7782,52.7782,51.6387,53.1098,53.1098,54.1600,47.8783,47.2512,50.0000,50.0000,50.0000,50.0000,0.0000,20.0850,29.6664,6.7728,0.0276,0.1059,,,,,,,,,,,,,,,unknown,,,,,,,0.2427,0.5390,0.2364,0.2273,True,-0.1032,0.3300,-0.0006,0.8300,True,,False,
178,,PANW,"Palo Alto Networks, Inc.",Technology,Software - Infrastructure,201509175296.0000,248.4700,1772308082.3229,False,52.6439,52.6439,52.6439,43.3743,52.6330,52.6330,53.5783,43.5189,48.9063,50.0000,50.0000,50.0000,50.0000,0.0000,129.3030,142.7988,18.5967,0.0142,0.0345,,,,,,,,,,,,,,,unknown,,,,,,,1.2873,0.6180,0.2158,0.0414,True,-0.3601,0.4561,0.2249,0.0000,True,,False,
179,,COP,ConocoPhillips,Energy,Oil & Gas E&P,140262178816.0000,115.1300,893275118.0654,False,52.6198,52.6198,52.6198,52.9780,51.3182,51.3182,54.0161,53.5466,47.0347,50.0000,50.0000,50.0000,50.0000,0.0000,6.7340,19.5467,2.1732,0.0377,0.0587,,,,,,,,,,,,,,,unknown,,,,,,,0.5541,-0.2340,0.2313,0.1063,True,-0.1490,0.3232,-0.0371,2.9200,True,,False,
180,,DRS,"Leonardo DRS, Inc.",Industrials,Aerospace & Defense,12097659904.0000,45.3500,37536030.8141,False,52.6061,52.6061,52.6061,51.2032,50.0413,50.0413,53.9726,47.3943,47.1400,50.0000,50.0000,50.0000,50.0000,0.0000,26.0620,42.3832,4.3543,0.0219,0.0554,,,,,,,,,,,,,,,unknown,,,,,,,0.3451,0.2400,0.2298,-0.2075,True,-0.3248,0.3596,0.0060,0.7900,True,,False,
181,,XOM,Exxon Mobil Corporation,Energy,Oil & Gas Integrated,613037637632.0000,147.9000,2648791504.1326,True,51.7316,52.5952,52.5952,52.1626,49.9376,67.8169,52.8755,52.2102,47.1560,66.6667,86.8464,58.6364,74.9944,14.9966,11.7640,24.8571,2.3828,0.0190,0.0422,,0.0977,0.0546,0.0545,0.0306,10.7995,0.6491,1.8493,24.4562,2.4337,1.8817,32.6443,6.0000,4.2116,safe,Hold,55.0000,41.8182,170.0800,185.0000,123.0000,0.7658,-0.4580,0.1909,0.1902,True,-0.1569,0.3063,-0.0499,2.7900,True,,False,
182,,EBAY,eBay Inc.,Consumer Cyclical,Internet Retail,48999841792.0000,110.3600,796571814.9902,False,52.5039,52.5039,52.5039,51.5423,52.7901,52.7901,53.8115,48.6985,47.2734,50.0000,50.0000,50.0000,50.0000,0.0000,17.5600,25.4873,11.1565,0.0245,0.0859,,,,,,,,,,,,,,,unknown,,,,,,,0.5588,0.0260,0.2241,0.2609,True,-0.2067,0.3330,-0.0472,1.1200,True,,False,
183,,IONQ,"IonQ, Inc.",Technology,Computer Hardware,24411854848.0000,65.4000,1881693189.7807,False,52.4779,52.4779,52.4779,17.0306,33.6123,33.6123,55.1530,30.6706,41.7772,50.0000,50.0000,50.0000,50.0000,0.0000,-33.8520,167.6923,4.9048,-0.0037,-0.1283,,,,,,,,,,,,,,,unknown,,,,,,,-3.6728,,0.2716,0.0773,True,-0.6761,0.9785,0.5626,0.0000,True,,False,
184,,VNOM,"Viper Energy, Inc.",Energy,Oil & Gas Midstream,16100913152.0000,44.8500,73536778.5289,False,52.4193,52.4193,52.4193,33.7268,54.1610,54.1610,51.8440,47.4122,54.7204,50.0000,50.0000,50.0000,50.0000,0.0000,10.3440,,1.7041,-0.0650,0.0517,,,,,,,,,,,,,,,unknown,,,,,,,5.3107,0.2930,0.1544,-0.1033,True,-0.1409,0.3018,-0.1131,5.1500,True,,False,
185,,CW,Curtiss-Wright Corporation,Industrials,Aerospace & Defense,27432140800.0000,742.5900,184080474.0964,False,52.3656,52.3656,52.3656,49.8730,51.2419,51.2419,53.7033,45.9257,47.0150,50.0000,50.0000,50.0000,50.0000,0.0000,34.2750,54.3624,10.4251,0.0191,0.0858,,,,,,,,,,,,,,,unknown,,,,,,,0.2480,0.2650,0.2203,0.3817,True,-0.1297,0.3827,-0.0199,0.1400,True,,False,
186,,SNPS,"Synopsys, Inc.",Technology,Software - Infrastructure,100746297344.0000,525.9200,799698755.5058,False,52.3395,52.3395,52.3395,47.5536,50.0059,50.0059,52.8897,44.4160,50.1387,50.0000,50.0000,50.0000,50.0000,0.0000,67.7440,120.3478,3.2959,0.0307,0.0204,,,,,,,,,,,,,,,unknown,,,,,,,2.9211,-0.7800,0.1914,-0.2564,True,-0.4104,0.3942,0.2389,0.0000,True,,False,
187,,OMC,Omnicom Group Inc.,Communication Services,Advertising Agencies,21332713472.0000,74.8500,314397496.6080,False,52.2890,52.2890,52.2890,45.0785,54.3593,54.3593,45.5070,65.1326,79.4172,50.0000,50.0000,50.0000,50.0000,0.0000,9.3590,,2.2605,0.2375,0.0447,,,,,,,,,,,,,,,unknown,,,,,,,34.6079,0.4080,-0.0701,-0.2363,False,-0.1785,0.2334,0.4553,4.2800,False,TREND_BROKEN;,False,
188,,DECK,Deckers Outdoor Corporation,Consumer Cyclical,Footwear & Accessories,15883815936.0000,114.3700,239138946.5694,False,52.2750,52.2750,52.2750,52.8700,56.3375,56.3375,53.6970,48.1954,46.5870,50.0000,50.0000,50.0000,50.0000,0.0000,10.7210,16.2920,6.4048,0.0541,0.2175,,,,,,,,,,,,,,,unknown,,,,,,,0.1832,-0.1050,0.2200,-0.2344,True,-0.3581,0.4214,-0.0849,0.0000,True,,False,
189,,BPOP,"Popular, Inc.",Financial Services,Banks - Regional,9721315328.0000,150.6300,66621352.4159,False,52.1603,52.1603,52.1603,27.0902,36.2686,36.2686,53.4315,39.8173,47.0756,50.0000,50.0000,50.0000,50.0000,0.0000,,11.1330,1.5486,,0.0120,,,,,,,,,,,,,,,unknown,,,,,,,0.2180,0.3840,0.2106,0.1956,True,-0.1468,0.2021,-0.0645,1.9900,True,,False,
190,,GWW,"W.W. Grainger, Inc.",Industrials,Industrial Distribution,58828963840.0000,1246.0300,347738463.6523,False,52.1528,52.1528,52.1528,50.7735,54.4352,54.4352,53.4191,47.3312,47.0880,50.0000,50.0000,50.0000,50.0000,0.0000,19.8790,33.5586,14.9736,0.0196,0.1951,,,,,,,,,,,,,,,unknown,,,,,,,0.3584,0.1590,0.2102,-0.1308,True,-0.1570,0.2366,-0.0199,0.7400,True,,False,
191,,ROST,"Ross Stores, Inc.",Consumer Cyclical,Apparel Retail,75514691584.0000,233.4700,668019067.6753,False,52.1456,52.1456,52.1456,51.2603,51.9593,51.9593,53.4282,47.8040,47.0150,50.0000,50.0000,50.0000,50.0000,0.0000,21.8770,32.5621,12.1624,0.0271,0.1216,,,,,,,,,,,,,,,unknown,,,,,,,0.1946,0.3560,0.2105,0.3849,True,-0.1184,0.3263,-0.0164,0.7600,True,,False,
192,,DAL,"Delta Air Lines, Inc.",Industrials,Airlines,53742141440.0000,81.8000,557701653.5643,False,52.1448,52.1448,52.1448,53.4089,48.6212,48.6212,53.2769,49.8476,47.6162,50.0000,50.0000,50.0000,50.0000,0.0000,8.9770,11.9416,2.6232,0.0576,0.0434,,,,,,,,,,,,,,,unknown,,,,,,,0.1761,,0.2052,0.3917,True,-0.2290,0.4366,0.0062,0.9200,True,,False,
193,,DD,"DuPont de Nemours, Inc.",Basic Materials,Specialty Chemicals,19305074688.0000,47.6600,201685376.5909,False,52.1138,52.1138,52.1138,38.5303,50.0847,50.0847,51.0719,38.8705,56.2818,50.0000,50.0000,50.0000,50.0000,0.0000,14.3220,125.4210,1.3913,-0.0065,0.0198,,,,,,,,,,,,,,,unknown,,,,,,,5.8882,,0.1270,0.4008,True,-0.1731,0.3669,-0.0321,1.6800,True,,False,
194,,FIVE,"Five Below, Inc.",Consumer Cyclical,Specialty Retail,11943151616.0000,215.9900,211058316.3545,False,52.0836,52.0836,52.0836,51.8186,49.8659,49.8659,53.2877,46.0319,47.2669,50.0000,50.0000,50.0000,50.0000,0.0000,20.0620,33.3318,5.4388,0.0291,0.0616,,,,,,,,,,,,,,,unknown,,,,,,,0.4105,0.2710,0.2055,0.5763,True,-0.1597,0.4305,0.0045,0.0000,True,,False,
195,,DINO,HF Sinclair Corporation,Energy,Oil & Gas Refining & Marketing,12273152000.0000,68.0800,181236578.5107,False,51.9841,51.9841,51.9841,53.8058,49.0611,49.0611,53.1489,58.1551,47.3249,50.0000,50.0000,50.0000,50.0000,0.0000,6.4320,10.2222,1.3476,0.1125,0.0607,,,,,,,,,,,,,,,unknown,,,,,,,-0.0159,,0.2006,0.6456,True,-0.1757,0.4154,-0.0432,2.9400,True,,False,
196,,MPC,Marathon Petroleum Corporation,Energy,Oil & Gas Refining & Marketing,72122949632.0000,247.0500,596896895.0110,False,51.9797,51.9797,51.9797,53.0408,48.0883,48.0883,52.9529,51.3399,48.0868,50.0000,50.0000,50.0000,50.0000,0.0000,10.8180,16.3393,4.3208,0.0488,0.0515,,,,,,,,,,,,,,,unknown,,,,,,,0.4863,,0.1937,0.2676,True,-0.1833,0.3842,-0.0636,1.5800,True,,False,
197,,CWEN,"Clearway Energy, Inc.",Utilities,Utilities - Renewable,9702309888.0000,40.4100,44862467.9663,False,51.9770,51.9770,51.9770,44.1087,55.2694,55.2694,48.2537,58.7110,66.8702,50.0000,50.0000,50.0000,50.0000,0.0000,16.7400,404.1000,2.7712,0.0436,0.0088,,,,,,,,,,,,,,,unknown,,,,,,,12.8678,,0.0272,0.1002,True,-0.1415,0.3395,-0.1931,4.5200,True,,False,
198,,PSX,Phillips 66,Energy,Oil & Gas Refining & Marketing,70015279104.0000,174.6300,442848811.6393,False,51.9672,51.9672,51.9672,42.3664,47.4409,47.4409,53.2468,41.6196,46.8491,50.0000,50.0000,50.0000,50.0000,0.0000,13.2300,17.2389,2.4078,-0.0162,0.0380,,,,,,,,,,,,,,,unknown,,,,,,,0.6322,-0.5750,0.2041,0.2957,True,-0.1728,0.3512,-0.0227,2.9100,True,,False,
199,,PFG,"Principal Financial Group, Inc.",Financial Services,Asset Management,22588413952.0000,104.5700,109334803.8663,False,51.9568,51.9568,51.9568,53.3545,49.5890,49.5890,51.4248,55.8354,54.0847,50.0000,50.0000,50.0000,50.0000,0.0000,10.0560,15.0029,1.9157,0.0645,0.0037,,,,,,,,,,,,,,,unknown,,,,,,,0.4651,7.8270,0.1395,0.0927,True,-0.1196,0.2024,-0.0595,3.1400,True,,False,
200,,CVX,Chevron Corporation,Energy,Oil & Gas Integrated,363267391488.0000,182.4000,1906592875.5301,True,50.5606,51.9285,51.9285,52.4113,50.4415,63.0144,51.2491,54.1746,47.8064,55.5556,83.0460,63.6792,66.2007,9.7204,10.7220,31.7217,1.9633,0.0324,0.0346,,0.0623,0.0331,0.0334,0.0368,9.9768,0.9918,2.7953,32.8112,1.9662,1.9545,27.1713,5.0000,3.2615,safe,Buy,53.0000,62.2642,200.1300,230.0000,168.0000,1.1422,-0.3690,0.1333,0.0948,True,-0.1399,0.2748,0.1402,3.9000,True,,False,
