ticker,name,sector,price,adv20,surge_score,readiness,explosiveness,fuel,catalyst,setup_type,ann_vol,max_5d_gain_1y,big_up_days,ret_5d,rvol,dist_52wh,atr_pctile,bb_pctile,nr7,short_pct_float,days_to_cover,float_shares,analyst_score,target_upside,binary_target,low_coverage,extended
KOD,Kodiak Sciences Inc,Healthcare,36.90999984741211,24727478.476257324,81.99534234829285,67.20903945727244,100.0,91.66315255555557,78.33333333333334,squeeze_fuel,1.362757967754159,0.881758302122682,20,0.018768984647185682,0.5617365843199529,0.7715300946840711,0.08,0.63,False,0.2587,16.18,39276627,66.66666666666667,0.7271742146720637,False,False,False
IBRX,"ImmunityBio, Inc.",Healthcare,7.239999771118164,121394379.6227479,77.14451291983445,57.657736864549,93.61095930234875,80.0,83.75,squeeze_fuel,1.0562465843028468,1.5019305922069157,14,0.0027700805412327334,1.1656838497566595,0.5824617532876061,0.39,0.0,True,0.3418,10.37,394035513,75.0,0.795580167261835,False,False,False
GLUE,"Monte Rosa Therapeutics, Inc.",Healthcare,19.670000076293945,15384601.283979416,76.84101362934248,65.2976290010427,87.72499703403733,78.32529427777779,80.13888888888889,fresh_coil,0.9238124332658398,0.6472222181749931,10,0.04572039525618754,0.9985124101537441,0.763290637442267,0.24,0.14,False,0.17989999,18.67,52937338,69.44444444444444,0.6141331915023596,False,False,False
CAPR,"Capricor Therapeutics, Inc.",Healthcare,28.530000686645508,31773261.014051437,76.67528508791754,49.79571155231772,100.0,83.05785811111112,83.75,squeeze_fuel,3.8629978031689647,5.51304341426193,14,-0.01177693601331109,0.6474557236191206,0.7067129413301056,0.52,0.44,False,0.2082,10.11,48549277,75.0,0.7833858666472524,False,False,False
ELVN,"Enliven Therapeutics, Inc.",Healthcare,37.5099983215332,26164669.727458954,74.22794509491894,66.6347847101509,83.3906569649239,62.17189144444444,83.75,fresh_coil,0.8262897817107879,0.7007925638097234,8,-0.09701498568065159,0.6542892082855245,0.7729239494136386,0.45,0.05,False,0.1331,7.12,44417977,75.0,0.852839325777907,False,False,False
DNTH,"Dianthus Therapeutics, Inc.",Healthcare,89.44999694824219,47384439.13063049,73.53675182214924,77.86782165924937,70.89804892000197,71.46591033333334,72.34537824569125,fresh_coil,0.6568307454352659,0.5692363084804324,7,0.03434312530089034,0.8336529255796116,0.9269429735569139,0.4,0.08,True,0.1354,13.51,54596807,77.5,0.2510900370936142,False,False,False
TNGX,"Tango Therapeutics, Inc.",Healthcare,23.100000381469727,66030900.05527496,72.62869900739389,48.03488289520022,87.14465102750245,82.38401966666666,81.04166666666666,squeeze_fuel,0.9107546481188049,0.6377952401137952,9,0.14130437957972175,1.0240423079001175,0.8130939987869773,0.79,0.34,False,0.2228,9.85,69598823,70.83333333333333,0.5077921828927674,False,False,False
ALMS,Alumis Inc.,Healthcare,20.329999923706055,20087837.405366898,72.36543945600582,46.86223322372307,97.5,71.45572244444445,81.71875,fresh_coil,1.2169854904599695,1.5379060273935186,7,-0.0767484331936863,1.2643503067399704,0.6643790741916846,0.34,0.68,False,0.1585,10.79,85873498,71.875,0.9345794465123805,False,False,False
METC,"Ramaco Resources, Inc.",Basic Materials,16.489999771118164,23241511.09936714,69.61119219936215,40.32543402777778,91.98588437593779,87.68092255555555,71.93400201576719,squeeze_fuel,1.0196823984586003,0.6876923487736628,11,0.1846264138461453,0.8526437621832359,0.2852941174529464,0.23,0.47,False,0.4756,7.18,42041697,66.66666666666667,0.32686478494210114,False,False,False
DBI,Designer Brands Inc.,Consumer Cyclical,8.199999809265137,3313289.1734862328,69.24473136008596,70.85311763152863,87.1250621270832,99.02581477777778,35.86206896551724,squeeze_fuel,0.910313897859372,0.8450173422645428,9,0.15492956611377506,0.9634963842332541,0.945852315765889,0.03,0.68,False,0.45720002,10.71,28767667,55.172413793103445,-0.08536583238382645,False,False,False
ATOM,Atomera Incorporated,Technology,9.670000076293945,23253381.773984432,69.22160436322476,57.96622587741586,100.0,46.658683,75.0,fresh_coil,1.445252730652846,1.928870164330248,20,0.04653683071723114,0.49088573785970074,0.7820461185030406,0.69,0.51,True,0.1547,1.54,37426853,75.0,,False,False,False
ASST,"Strive, Inc.",Financial Services,17.200000762939453,75715965.84005833,68.42644424444444,38.6,100.0,58.60722122222223,83.75,fresh_coil,1.6578184212953575,0.9013334147135417,31,-0.05546394136803723,1.344401387645682,0.06825397128150576,0.36,0.03,False,0.2048,3.42,56745009,75.0,0.8994185203987601,False,False,False
SOC,Sable Offshore Corp.,Energy,13.020000457763672,47491597.452840805,67.9472418561561,39.46662585385364,100.0,73.1925205,71.5625,squeeze_fuel,1.418067356692224,0.9079189657814444,19,-0.11668923609650872,2.704489846562317,0.4045991402824678,0.32,0.23,False,0.22129999,8.27,100527302,56.25,0.9201228203561849,False,False,False
ZD,"Ziff Davis, Inc.",Communication Services,46.18000030517578,25531542.32404709,67.12448463417805,77.36804850527191,61.7834449622397,76.78511994444445,54.00119033753215,fresh_coil,0.6776275116503933,0.6013412555100985,2,0.056750560616455115,0.6904860924236123,0.91355095948882,0.22,0.37,True,0.19559999,8.26,33183907,65.38461538461539,0.1314421752860817,False,False,False
SERV,Serve Robotics Inc.,Industrials,9.420000076293945,45474428.675875664,65.53417355838425,41.58320196483813,77.0908738648661,72.55178188888888,77.10227272727272,squeeze_fuel,0.8922903826216676,0.484585710743233,13,0.08275865319698483,1.9466410424214913,0.5053648275077338,0.12,0.26,False,0.2628,5.36,70653963,64.77272727272727,0.7335456335181489,False,False,False
SVCO,"Silvaco Group, Inc.",Technology,10.670000076293945,4397418.552732468,65.12024414987107,54.34412868774588,81.02502771773653,37.435,83.75,fresh_coil,0.8855631236490721,0.9363636238844268,6,0.09548257977720831,1.1388007540076128,0.833268240687283,0.48,0.48,False,0.074,1.81,12986544,75.0,0.6869728089310392,False,False,False
SOUN,"SoundHound AI, Inc.",Technology,9.25,263730255.55058002,63.446337726315825,45.95410346220892,77.76629357340087,60.435,73.39949324324323,fresh_coil,0.8025027148841289,0.5429104947318837,9,0.13219093189971698,1.226961158095269,0.41723049021956876,0.18,0.18,False,0.3806,4.41,396598749,65.625,0.3513513513513513,False,False,False
VELO,"Velo3D, Inc.",Technology,21.510000228881836,65914264.42138672,63.39154748277331,59.9118249425777,100.0,53.965,48.75,fresh_coil,1.7998573193135559,1.140035854386435,42,-0.06721592684118494,0.9141690502839613,0.8116981218445976,0.2,0.93,True,0.2038,0.97,10291938,75.0,-0.054858215542807454,False,True,False
ALOY,REalloys Inc.,Basic Materials,10.989999771118164,17019260.259780884,63.28041442920713,44.80891718826618,100.0,47.93869636363637,67.5,fresh_coil,1.4397480389891522,1.1817914240683902,28,0.12257403615331608,2.438893536011999,0.4085501831586502,0.15,0.08,False,,1.91,22868453,50.0,0.7288444400091982,False,True,False
PACK,Ranpak Holdings Corp,Consumer Cyclical,6.889999866485596,4519873.76376152,63.13829358243212,60.416531440162274,76.92881708157947,37.32997647777778,73.8719181283733,fresh_coil,0.7618184765647991,0.5862943932059661,7,0.09713370004741795,0.8786342123056119,0.9622905046535578,0.3,0.49,False,0.055999998,3.42,47360209,65.0,0.361393350038552,False,False,False
DDD,3D Systems Corporation,Technology,3.7200000286102295,17956620.16424775,62.84559092702639,37.7,77.84232511376118,86.60142388888889,62.15613708832125,squeeze_fuel,0.9780625146873702,0.4463276668734757,16,0.18095235428121792,2.1710893128954156,0.9687500291038311,0.63,0.92,False,0.3114,10.38,140587185,49.30555555555556,0.3440860111681159,False,False,False
UAMY,United States Antimony Corporat,Basic Materials,9.260000228881836,123287395.27240515,62.83971618047292,30.731392438001006,100.0,47.21056794444444,80.59394953394576,fresh_coil,1.3185927452524728,1.0655128268603722,35,0.09976248752691408,0.7875258584657927,0.46981231146665925,0.35,0.76,False,0.21290001,2.15,130244902,75.0,0.36393085181652296,False,False,False
SEI,"Solaris Energy Infrastructure, ",Energy,68.69999694824219,178071772.0931244,62.34176548131471,66.27254294234369,52.62403706055385,67.08824294444445,61.72515532537315,squeeze_fuel,0.7379229217061567,0.2957599511979472,7,-0.07499663318409766,0.8256342863672836,0.8456425252920915,0.29,0.1,False,0.21790001,5.24,55430827,71.42857142857143,0.17481810167773393,False,False,False
CODI,D/B/A Compass Diversified Holdi,Industrials,10.989999771118164,10908632.618846893,62.14407201079887,70.21489093437567,56.55848007273924,41.75298388888889,71.39103979386849,fresh_coil,0.6979623906982878,0.4296407838546361,5,-0.04101223956931199,0.5590213436429662,0.869461983592728,0.41,0.1,False,0.0671,4.7,62858145,60.714285714285715,0.36487718948094594,False,False,False
GEMI,"Gemini Space Station, Inc.",Financial Services,5.159999847412109,14658049.697594643,61.43977838119085,41.042035164283696,81.18132232619533,55.07951683333333,72.91666666666667,fresh_coil,1.0529297214811082,0.5089722393657148,6,0.0,0.6628252404998634,0.11244279616565146,0.41,0.0,False,0.16239999,3.53,34719335,58.333333333333336,0.8682171095091684,False,False,False
FNKO,"Funko, Inc.",Consumer Cyclical,5.590000152587891,4915607.991218567,61.132909047119895,70.46777975853064,71.03074240513739,54.23928644444443,49.795231165481134,fresh_coil,0.808191749150213,0.45555553053632125,10,0.07293668170030787,0.8384941804716016,0.9178981958173631,0.43,0.37,True,0.1094,5.64,37196422,60.714285714285715,0.11806794801366194,False,False,False
USAR,"USA Rare Earth, Inc.",Basic Materials,29.43000030517578,460054246.0972023,61.011879125853135,52.1274402375218,100.0,24.442778222222223,68.2836380338405,fresh_coil,1.2303546938262644,0.6445607666942099,28,0.1632411538600138,1.302762720324523,0.6691678174510345,0.2,0.34,False,0.1174,1.2,176304996,75.0,0.22324157752960572,False,False,False
NUCL,Eagle Nuclear Energy Corp.,Energy,10.479999542236328,4198557.509393692,60.96860684740246,75.54607530367691,90.22580431179998,41.29811696969696,40.0,fresh_coil,1.6193663465631083,0.4778225538974996,10,-0.1230125766101754,0.6452052980663904,0.7369901086806426,0.25,0.0,True,,1.31,36839321,,,False,True,False
TYGO,"Tigo Energy, Inc.",Technology,3.819999933242798,2978207.6554870605,60.934627813177585,47.52052219824223,91.44849502963564,24.443860738888887,78.33333333333334,fresh_coil,1.007591138166802,1.2727273290244594,15,-0.08173075159625831,1.0103068673471092,0.717101526568118,0.36,0.42,False,0.014099999,0.94,28650252,66.66666666666667,0.7539267322217911,False,False,False
CIFR,Cipher Digital Inc.,Technology,24.010000228881836,586858285.4392624,60.607056397515336,52.36712485006633,84.87316622416952,31.665001500000002,71.96428465887178,fresh_coil,1.084061838935818,0.47532466728222,23,0.09285393624420046,0.906162130871494,0.9393584010388633,0.46,0.73,False,0.16350001,2.04,333833231,75.0,0.26530611038710594,False,False,False
